Sno.,Text,Sentiment,Timestamp,User,Platform
1, Enjoying a beautiful day at the park!              ,0,1/15/2023 12:30, User123      ,Twitter 
2, Traffic was terrible this morning.                 ,1,1/15/2023 8:45, CommuterX    ,Twitter 
3, Just finished an amazing workout! üí™               ,0,1/15/2023 15:45, FitnessFan   ,Instagram 
4, Excited about the upcoming weekend getaway!        ,0,1/15/2023 18:20, AdventureX   ,Facebook 
5, Trying out a new recipe for dinner tonight.        ,2,1/15/2023 19:55, ChefCook     ,Instagram 
6, Feeling grateful for the little things in life.    ,0,1/16/2023 9:10, GratitudeNow ,Twitter 
7, Rainy days call for cozy blankets and hot cocoa.   ,0,1/16/2023 14:45, RainyDays    ,Facebook 
8, The new movie release is a must-watch!             ,0,1/16/2023 19:30, MovieBuff    ,Instagram 
9, Political discussions heating up on the timeline.  ,1,1/17/2023 8:00, DebateTalk   ,Twitter 
10, Missing summer vibes and beach days.               ,2,1/17/2023 12:20, BeachLover   ,Facebook 
11, Just published a new blog post. Check it out!      ,0,1/17/2023 15:15, BloggerX     ,Instagram 
12, Feeling a bit under the weather today.             ,1,1/18/2023 10:30, WellnessCheck,Twitter 
13, Exploring the city's hidden gems.                  ,0,1/18/2023 14:50, UrbanExplorer,Facebook 
14," New year, new fitness goals! üí™                    ",0,1/18/2023 18:00, FitJourney   ,Instagram 
15, Technology is changing the way we live.            ,2,1/19/2023 9:45, TechEnthusiast,Twitter 
16, Reflecting on the past and looking ahead.          ,0,1/19/2023 13:20, Reflections  ,Facebook 
17, Just adopted a cute furry friend! üêæ              ,0,1/19/2023 17:10, PetAdopter   ,Instagram 
18, Late-night gaming session with friends.            ,0,1/20/2023 0:05, GamerX       ,Twitter 
19, Attending a virtual conference on AI.              ,2,1/20/2023 11:30, TechConference,Facebook 
20, Winter blues got me feeling low.                   ,1,1/20/2023 15:15, WinterBlues  ,Instagram 
21, Sipping coffee and enjoying a good book.           ,0,1/21/2023 8:40, Bookworm     ,Twitter 
22, Exploring the world of virtual reality.            ,0,1/21/2023 13:20, VRExplorer   ,Facebook 
23, Productive day ticking off my to-do list.          ,0,1/21/2023 16:45, ProductivityPro,Instagram 
24, Just finished a challenging workout routine.       ,0,1/22/2023 9:15, FitnessWarrior,Twitter 
25, Celebrating a milestone at work! üéâ               ,0,1/22/2023 14:30, CareerMilestone,Facebook 
26, Sunday brunch with friends.                        ,0,1/22/2023 12:00, BrunchBuddy  ,Instagram 
27, Learning a new language for personal growth.       ,0,1/23/2023 16:20, LanguageLearner,Facebook 
28, Quiet evening with a good book.                    ,0,1/23/2023 19:45, BookLover    ,Instagram 
29, Cooking a special dinner for loved ones.           ,0,1/31/2023 19:00, ChefAtHome   ,Instagram 
30, Feeling optimistic about the week ahead.           ,0,1/31/2023 16:20, OptimisticMindset,Twitter 
31, Starting a new fitness challenge tomorrow! üí™     ,0,2/1/2023 8:00, FitnessChallenge,Facebook 
32, Sunday bike ride through scenic trails.           ,0,2/1/2023 13:30, BikeExplorer  ,Instagram 
33, Can't believe the injustice happening in our society.,1,2/11/2023 9:30, SocialJustice   ,Twitter 
34, Feeling a sense of fear after watching a thriller movie. ,1,2/11/2023 21:15, ThrillerFan     ,Instagram 
35, Heartbroken after hearing the news about a natural disaster. ,1,2/12/2023 14:45, EmpathyFirst    ,Facebook 
36, The state of the world's environment is just disgusting. ,1,2/12/2023 18:20, EcoAwareness    ,Twitter 
37, Pure happiness: celebrating a loved one's achievement! ,0,2/13/2023 10:00, ProudFriend     ,Instagram 
38, Laughter is the best medicine‚Äîenjoying a comedy show. ,0,2/13/2023 19:30, ComedyFan       ,Facebook 
39, Sharing love and positive vibes with everyone! ‚ù§Ô∏è      ,0,2/14/2023 8:30, LoveSpreader    ,Twitter 
40, An amusing incident brightened up my day!               ,0,2/14/2023 14:20, AmusedSoul      ,Instagram 
41, Finding acceptance in the midst of life's challenges.   ,0,2/16/2023 18:20, AcceptanceSeeker,Facebook 
42, Overflowing with adoration for my adorable pet! üêæ      ,0,2/17/2023 10:45, PetAdorer       ,Twitter 
43, Anticipating a thrilling adventure in the coming weeks. ,0,2/17/2023 7:30, AdventureAwaits  ,Instagram 
44, A bitter experience turned into a valuable lesson.      ,1,2/17/2023 15:00, LearnFromBitter ,Facebook 
45, Finding calmness in the midst of a busy day.            ,1,2/18/2023 9:30, ZenMaster       ,Twitter 
46, Confusion clouds my mind as I navigate through decisions.,2,2/18/2023 14:20, ConfusedMind    ,Instagram 
47, Excitement building up for the upcoming vacation!       ,0,2/18/2023 18:45, VacationDreamer ,Facebook 
48, Kindness witnessed today restored my faith in humanity. ,0,2/19/2023 11:30, KindnessPrevails,Twitter 
49, Pride in achieving a personal milestone.               ,0,2/19/2023 16:00, PersonalAchiever,Instagram 
50, A moment of shame for not standing up against injustice. ,1,2/19/2023 19:45, ReflectiveSelf  ,Facebook 
51, Fuming with anger after a heated argument.            ,1,2/20/2023 9:30, AngryDebater    ,Twitter 
52, The fear of the unknown is keeping me up at night.    ,1,2/20/2023 21:15, FearfulDreamer  ,Instagram 
53, Heartfelt sadness after bidding farewell to a dear friend. ,1,2/21/2023 14:45, FarewellHeart   ,Facebook 
54, The state of corruption in our society is utterly disgusting. ,1,2/21/2023 18:20, AntiCorruption  ,Twitter 
55, Overflowing happiness: welcoming a new family member!  ,0,2/22/2023 10:00, NewParentJoy    ,Instagram 
56, Laughter is the key to joy‚Äîattending a stand-up comedy show. ,0,2/22/2023 19:30, StandUpFan      ,Facebook 
57, Sending love to all my followers on this beautiful day! ‚ù§Ô∏è ,0,2/23/2023 8:30, LoveSender      ,Twitter 
58, Amused by the antics of my pet‚Äîit's pure amusement!      ,0,2/23/2023 14:20, PetAmuser       ,Instagram 
59, Awe-struck by the beauty of the night sky.               ,0,2/24/2023 20:30, Stargazer       ,Facebook 
60, Disappointed with the lack of progress in a personal project. ,1,2/25/2023 9:00, ProjectStruggle ,Twitter 
61, A surprise visit from an old friend brought tears of joy. ,0,2/25/2023 14:45, JoyfulReunion   ,Instagram 
62, Embracing acceptance of life's ups and downs.           ,0,2/25/2023 18:20, LifeAcceptance  ,Facebook 
63, Overflowing adoration for a cute rescue puppy! üê∂       ,0,2/26/2023 10:45, PuppyAdmirer    ,Twitter 
64, Anticipating the release of a much-awaited movie.       ,0,2/26/2023 7:30, MovieBuff2      ,Instagram 
65, Bitter experience at the customer service department.   ,1,2/26/2023 15:00, CustomerWoes    ,Facebook 
66, Finding calmness amidst the chaos of daily life.        ,0,2/27/2023 9:30, CalmSoul        ,Twitter 
67, Confusion reigns as I try to make sense of recent events.,2,2/27/2023 14:20, ConfusedMind2   ,Instagram 
68, Excitement building up for a surprise birthday party.   ,0,2/27/2023 18:45, BirthdayExcite  ,Facebook 
69, Witnessed an act of kindness that made my day.          ,0,2/28/2023 11:30, KindnessObserver,Twitter 
70, Pride in completing a challenging fitness challenge.    ,0,2/28/2023 16:00, FitAchiever     ,Instagram 
71, A moment of shame for not speaking up against injustice.,1,2/28/2023 19:45, ReflectiveSelf2 ,Facebook 
72, Reflecting on the beauty of diversity in our world.     ,0,3/1/2023 10:45, DiversityLover  ,Twitter 
73, Excitement for a quiet evening with a good book.        ,0,3/1/2023 13:30, BookwormJoy     ,Instagram 
74, Feeling bitter about the unfairness in the workplace.   ,1,3/1/2023 17:45, WorkplaceWoes   ,Twitter 
75, Calmness prevails as I practice mindfulness.            ,0,3/2/2023 18:00, MindfulMe       ,Facebook 
76, Confusion surrounds me as I navigate through life's choices. ,2,3/2/2023 13:15, ConfusedMind3   ,Instagram 
77, Excitement for a weekend road trip to explore new places. ,0,3/2/2023 16:45, RoadTripper2    ,Twitter 
78, Kindness witnessed today restores my faith in humanity.  ,0,3/3/2023 11:30, KindnessPrevails2,Facebook 
79, Reverence for the historical significance of a landmark.,0,11/1/2017 15:30, HistoryBuff     ,Twitter 
80, Elation after achieving a fitness milestone.         ,0,6/15/2019 10:00, FitnessAchiever2,Instagram 
81, The euphoria of a successful product launch.         ,0,4/3/2022 11:45, ProductLaunchJoy,Facebook 
82, Contentment in the embrace of a loved one.           ,0,11/12/2010 20:20, LovingEmbrace   ,Twitter 
83, Serenity found in the beauty of a sunset by the sea.  ,0,7/22/2011 18:30, SunsetWatcher2  ,Instagram 
84, Gratitude for the small joys that each day brings.   ,0,3/30/2012 11:20, JoyfulHeart2    ,Facebook 
85, Hopeful about the potential for personal growth.      ,0,10/5/2013 16:40, GrowthOptimist  ,Twitter 
86, Empowerment through learning a new skill.            ,0,7/10/2014 13:15, SkillEmpower    ,Instagram 
87, Compassion in volunteering for a local charity.       ,0,12/18/2015 14:20, CharityVolunteer,Facebook 
88, Tenderness in a quiet moment shared with a pet.      ,0,2/10/2016 19:45, PetLove         ,Twitter 
89, Arousal of excitement for an upcoming festival.       ,0,9/25/2017 11:30, FestivalFan     ,Instagram 
90, Enthusiasm for a DIY home improvement project.       ,0,4/15/2018 16:00, DIYEnthusiast   ,Facebook 
91, Fulfillment in completing a challenging puzzle.      ,0,11/28/2019 18:20, PuzzleMaster    ,Twitter 
92, Reverence for the wonders of nature on a hiking trail.,0,5/11/2020 15:00, NatureAdmirer   ,Instagram 
93, Elation after a surprise reunion with a childhood friend.,0,2/5/2021 9:30, ChildhoodJoy    ,Facebook 
94, Suffering from despair after another setback.      ,1,3/10/2021 8:30, StrugglingSoul    ,Twitter 
95," Overwhelmed by grief, missing a loved one dearly.  ",1,7/5/2022 15:45, MourningHeart     ,Instagram 
96, Loneliness creeps in as the night grows colder.    ,1,11/18/2019 21:20, SolitarySoul      ,Facebook 
97, Jealousy consumes me as I witness others' success. ,1,8/12/2020 11:30, EnviousObserver   ,Twitter 
98, Resentment building up over past betrayals.        ,1,5/22/2018 14:45, BitterHeart       ,Instagram 
99, Frustration mounts as obstacles block my path.     ,1,1/30/2017 16:10, BlockedGoals      ,Facebook 
100," Boredom sets in, the day feels endlessly dull.     ",1,9/28/2016 19:45, BoredMind         ,Twitter 
101," Anxiety grips my heart, worry clouds my thoughts.  ",1,4/15/2019 9:00, WorriedMind       ,Instagram 
102, Intimidation by the unknown future ahead.          ,1,12/3/2021 18:30, FearfulSoul       ,Facebook 
103, Helplessness sinks in as challenges pile up.       ,1,6/20/2020 14:20, OverwhelmedHeart  ,Twitter 
104, Envy eats away at me as I see others' prosperity.  ,1,11/7/2018 11:30, CovetousMind     ,Instagram 
105, Regret over missed opportunities haunts my thoughts.,1,8/25/2017 16:00, RemorsefulSoul   ,Facebook 
106, Disgust at the sight of injustice and cruelty.     ,1,2/11/2019 9:45, DisgustedHeart   ,Twitter 
107," Drowning in despair, hope slipping through my fingers.",1,4/2/2016 20:20, HopelessHeart    ,Instagram 
108," Grief weighs heavy, tears a constant companion.    ",1,10/18/2015 15:30, TearfulSoul      ,Facebook 
109," Loneliness in a crowded room, a silent cry for connection.",1,7/12/2019 18:10, IsolatedMind     ,Twitter 
110," Jealousy gnaws at my confidence, a toxic emotion.  ",1,6/3/2018 16:30, SelfDoubt        ,Instagram 
111," Resentment festers, poisoning relationships.       ",1,1/15/2022 12:00, BrokenTrust      ,Facebook 
112," Frustration boils over, a volcanic eruption of emotions.",1,4/10/2017 14:45, ExplosiveMind    ,Twitter 
113," Boredom settles like dust, life feels mundane.     ",1,11/28/2016 19:00, MundaneHeart     ,Instagram 
114," Anxiety grips my chest, a relentless grip on my thoughts.",1,9/5/2018 9:30, RestlessMind     ,Facebook 
115," Intimidation by the challenges ahead, fear takes hold.",1,10/22/2021 18:30, FearfulJourney   ,Twitter 
116," Helplessness engulfs me, drowning in a sea of problems.",1,5/8/2019 14:20, OverwhelmedSoul  ,Instagram 
117," Envy poisons my thoughts, coveting others' success.",1,3/20/2017 11:30, GreenEyedMonster ,Facebook 
118, Regret for decisions that led to a painful present.,1,12/15/2018 16:00, RegretfulMind    ,Twitter 
119, Disgust at the corruption that stains society.     ,1,7/1/2016 9:45, CorruptedHeart   ,Instagram 
120," Sinking in despair, each day darker than the last. ",1,8/20/2020 20:20, DrowningSoul     ,Facebook 
121," Grief overwhelms, a storm of emotions within.      ",1,2/25/2021 15:30, StormyHeart      ,Twitter 
122," Loneliness echoes in empty spaces, yearning for connection.",1,9/12/2019 18:10, EchoingSoul     ,Instagram 
123," Jealousy poisons my thoughts, resentment brewing within.",1,8/5/2018 16:30, PoisonedMind    ,Facebook 
124," Resentment festers, a wound that refuses to heal.  ",1,1/12/2017 12:00, UnforgivingSoul  ,Twitter 
125," Frustration escalates, a thunderstorm of emotions. ",1,4/5/2022 14:45, ThunderingMind   ,Instagram 
126," Boredom lingers, a stagnant pool of indifference.  ",1,10/2/2021 19:00, StagnantHeart    ,Facebook 
127," Embarking on a journey of discovery, fueled by curiosity and a thirst for knowledge. ",0,4/15/2023 10:15, InquisitiveMind   ,Twitter 
128," Lost in the vast sea of information, an indifferent wave in the digital ocean. ",2,11/28/2022 17:30, ApatheticObserver ,Instagram 
129," The complex puzzle of life leaves me in a state of perpetual confusion, seeking answers in the chaos. ",2,4/2/2020 9:45, SeekingClarity    ,Facebook 
130," A numbness settles over me, a shield against the overwhelming emotions life throws my way. ",2,8/10/2021 14:00, EmotionallyDistant ,Twitter 
131," Gazing at the sunset, a melancholic longing for moments that slip through the fingers of time. ",1,6/18/2019 20:45, SunsetDreamer     ,Instagram 
132," Revisiting old photographs, caught in the embrace of nostalgia's bittersweet symphony. ",0,2/5/2018 15:15, MemoryLaneTraveler ,Facebook 
133," Torn between conflicting emotions, an ambivalence that paints my decisions in shades of uncertainty. ",2,5/30/2022 11:30, MixedFeelings     ,Twitter 
134," Embracing the ebb and flow of life, finding acceptance in the dance of existence. ",0,1/10/2023 16:20, ZenLifestyle      ,Instagram 
135," Facing challenges head-on, a determination that fuels the fire within to achieve the impossible. ",0,9/18/2020 13:45, ResilientSpirit   ,Facebook 
136," Serenity found in the stillness of nature, a tranquil retreat from the chaos of the modern world. ",0,7/3/2021 19:00, NatureSoul        ,Twitter 
137," Curiosity leading me down the rabbit hole of knowledge, a perpetual student in life's classroom. ",0,10/8/2022 8:15, EternalLearner    ,Instagram 
138," Floating through the day with an air of indifference, detached from the mundane happenings around. ",2,3/22/2023 16:30, AloofObserver     ,Facebook 
139," Entangled in the web of thoughts, confusion reigning as I navigate the labyrinth of ideas. ",2,5/15/2021 11:45, ThoughtExplorer   ,Twitter 
140," Numb to the chaos, emotions locked away, a stoic facade concealing the inner turmoil. ",2,12/28/2019 14:30, StoicSoul         ,Instagram 
141," Melancholy whispers in the breeze, a silent conversation with the echoes of forgotten dreams. ",1,3/1/2020 19:00, DreamerInSilence  ,Facebook 
142," Stumbling upon an old journal, nostalgia flooding in waves, carrying me to moments long gone. ",0,7/10/2018 15:45, JournalKeeper     ,Twitter 
143," A tapestry of conflicting feelings, weaving through uncertainty, caught in the threads of ambivalence. ",2,1/5/2022 10:30, ThreadWeaver      ,Instagram 
144," Embracing the flaws, finding acceptance in imperfection, a journey towards self-love. ",0,8/20/2021 16:20, SelfLoveAdvocate  ,Facebook 
145," Determination burning like a wildfire, overcoming obstacles, turning dreams into reality. ",0,11/3/2019 13:45, DreamChaser       ,Twitter 
146," Tranquil moments by the ocean, serenity washing over, a peaceful retreat within the waves' embrace. ",0,4/12/2020 19:30, OceanSoul         ,Instagram 
147," Exploring new horizons with the spark of curiosity, an adventurer in the vast landscape of knowledge. ",0,4/15/2022 8:45, HorizonExplorer   ,Facebook 
148," Drifting through the day with a nonchalant demeanor, embracing the art of indifference. ",2,2/10/2023 17:00, NonchalantSpirit  ,Twitter 
149," Wrestling with thoughts, a perplexed mind lost in the labyrinth of life's complexities. ",2,8/5/2020 12:15, ComplexThinker    ,Instagram 
150," Immersed in a state of emotional numbness, a shield against the storm of daily struggles. ",2,12/1/2021 15:30, ShieldedHeart     ,Facebook 
151," A melancholic symphony playing in the background, the soundtrack of a wistful heart. ",1,3/25/2019 21:00, SymphonySoul      ,Twitter 
152," Flipping through the pages of an old yearbook, nostalgia painting smiles and tears on my face. ",0,6/18/2017 14:45, YearbookExplorer  ,Instagram 
153," Torn between opposing emotions, an ambivalence that colors my decisions with shades of uncertainty. ",2,7/8/2022 11:30, DecisiveDilemma   ,Facebook 
154," Embracing life's imperfections, finding acceptance in the journey, scars and all. ",0,5/15/2023 16:20, ImperfectHarmony  ,Twitter 
155," A fiery determination burning within, fueled by the vision of reaching unparalleled heights. ",0,9/10/2021 14:45, VisionarySpirit   ,Instagram 
156," Basking in the serenity of a quiet forest, where the whispers of nature bring peace to the soul. ",0,2/28/2020 18:30, ForestDreamer     ,Facebook 
157," Indifferent to the noise of the world, a silent observer in the midst of life's cacophony. ",2,3/10/2023 16:30, SilentSpectator   ,Instagram 
158," Navigating through the labyrinth of thoughts, confusion a constant companion in the maze of ideas. ",2,5/2/2021 11:45, MazeNavigator     ,Facebook 
159," An impenetrable numbness shields me from the emotional storms, a fortress of stoic resilience. ",2,10/18/2019 14:30, ResilientFortress ,Twitter 
160," Melancholy painting the world in hues of nostalgia, a canvas of bittersweet memories. ",1,1/5/2020 20:00, CanvasDreamer     ,Instagram 
161," A journey into the past, flipping through the pages of an old diary, nostalgia taking the lead. ",0,8/10/2018 15:45, DiaryExplorer     ,Facebook 
162," Ambivalence clouding decisions, caught in the crossroads of conflicting emotions. ",2,1/15/2022 10:30, CrossroadsTraveler ,Twitter 
163," Embracing imperfections, finding acceptance in the mosaic of life's beautiful chaos. ",0,7/20/2021 16:20, MosaicDreamer     ,Instagram 
164," Determination as the driving force, propelling me forward on the path to extraordinary achievements. ",0,12/3/2019 13:45, PathfinderSpirit  ,Facebook 
165," Seeking serenity in the melody of raindrops, a tranquil escape from the noise of everyday life. ",0,4/12/2020 19:30, RaindropHarmony   ,Twitter 
166," Curiosity driving the exploration of the unknown, a seeker of knowledge in uncharted territories. ",0,5/8/2022 8:45, SeekerOfUnknowns  ,Instagram 
167," Drifting through the day with an air of nonchalance, indifferent to the trivialities of life. ",2,2/22/2023 17:00, NonchalantWanderer,Facebook 
168," Lost in the labyrinth of thoughts, confusion casting shadows on the quest for clarity. ",2,6/5/2020 12:15, ShadowedSeeker    ,Twitter 
169," Wrapped in the cloak of emotional numbness, a shield against the storms of life's turbulence. ",2,11/30/2021 15:30, TurbulentShield   ,Instagram 
170," Melancholy as a companion, painting the canvas of life with the brushstrokes of wistful yearning. ",1,2/25/2019 21:00, WistfulPainter    ,Facebook 
171," Leafing through the pages of an old photo album, nostalgia weaving tales of laughter and tears. ",0,5/18/2017 14:45, TaleWeaver        ,Twitter 
172," Ambivalence in the air, caught between the crossroads of conflicting emotions and decisions. ",2,8/5/2022 11:30, CrossroadsExplorer,Instagram 
173," Embracing the beauty in imperfections, finding acceptance in the mosaic of life's unpredictable art. ",0,6/15/2023 16:20, MosaicArtist      ,Facebook 
174," Determination ablaze, forging a path through challenges, sculpting dreams into tangible realities. ",0,10/10/2021 14:45, DreamSculptor     ,Twitter 
175," Immerse in the serenity of a moonlit night, where the quiet whispers of nature bring peace to the soul. ",0,5/12/2020 19:30, MoonlitSoul       ,Instagram 
176," Fueled by curiosity, venturing into uncharted realms, a fearless explorer of the mysteries of the world. ",0,12/1/2022 9:15, FearlessExplorer  ,Facebook 
177,"Wrapped in the cloak of emotional numbness, a shield against the storms of life's turbulence. ",2,11/30/2021 15:30, TurbulentShield ,Instagram 
178," Dancing through life with the exuberance of a carefree spirit, embracing joy and zest at every turn. ",0,7/12/2018 17:45, JoyfulDancer ,Twitter 
179," Basking in the golden glow of contentment, a serene river flowing through the landscape of the heart. ",0,9/5/2020 20:10, SereneBasker ,Facebook 
180," Gazing towards the horizon with hopeful eyes, painting a canvas of dreams illuminated by the sun of optimism. ",0,4/18/2022 8:00, DreamPainter ,Instagram 
181," Standing tall, proud as an oak, the branches of achievement reaching towards the sky of accomplishment. ",0,12/10/2019 12:20, OakAchiever ,Twitter 
182," A heart overflowing with gratitude, a garden where appreciation blooms in the soil of kindness and connection. ",0,2/28/2023 9:45, HeartGardener ,Facebook 
183," Extending a hand, empathetic threads weaving a tapestry of understanding, embracing the joys and sorrows of others. ",0,4/3/2018 14:15, ThreadWeaver ,Instagram 
184," Compassionate clouds, heavy with care, showering empathy on the parched grounds of human suffering. ",0,6/20/2022 10:30, CloudCaretaker ,Twitter 
185," Playfully dancing in the rain of laughter, a whimsical spirit twirling in the puddles of joy and lightheartedness. ",0,7/8/2020 18:00, RainDancer ,Facebook 
186," Soaring on the wings of a free spirit, unburdened by the chains of conformity, painting the sky with independence. ",0,8/15/2021 11:10, SkyPainter ,Instagram 
187," Bathed in the glow of inspiration, a creative phoenix rising from the ashes of ordinary thoughts to explore new realms. ",0,10/25/2019 16:50, PhoenixExplorer ,Twitter 
188," Navigating the sea of hope, sailing towards the sunrise of possibilities, confident in the ship of positive anticipation. ",0,10/5/2023 7:30, SunriseNavigator ,Facebook 
189," Striding with confidence, footprints of self-assuredness imprinted on the sands of challenges conquered and victories claimed. ",0,2/15/2022 13:15, SandStrider ,Instagram 
190," Lost in the symphony of the night, a moonlit serenade that whispers tales of wanderlust and moonlit dreams. ",0,5/8/2021 22:00, NightSerenader ,Twitter 
191," Unveiling the layers of curiosity, a labyrinth of questions leading to the treasure troves of undiscovered knowledge. ",0,11/29/2020 14:45, KnowledgeSeeker ,Instagram 
192," In the embrace of the autumn breeze, leaves of ambivalence dancing in a waltz between choices and uncertainties. ",2,9/14/2019 10:20, BreezeWaltzer ,Facebook 
193," Gratitude as a guiding star, navigating the constellation of blessings in the vast universe of life's precious moments. ",0,3/12/2022 19:55, StarNavigator ,Twitter 
194," With a zestful heart, sprinting through fields of enthusiasm, chasing sunbeams and laughter in the meadows of joy. ",0,3/30/2023 16:30, MeadowSprinter ,Instagram 
195," A compassionate rain, tears of empathy falling gently, nurturing the seeds of kindness in the garden of human connections. ",0,7/1/2021 12:10, RainNurturer ,Facebook 
196," Proudly scaling the peaks of achievement, a mountaineer conquering challenges and planting the flag of success. ",0,1/5/2020 8:45, PeakConqueror ,Twitter 
197," Embraced by the hopeful dawn, a gardener sowing seeds of optimism, tending to the blooms of a brighter tomorrow. ",0,7/17/2022 6:15, DawnGardener ,Instagram 
198," A playful escapade in the carnival of life, carousel laughter and cotton candy dreams swirling in the joyous atmosphere. ",0,8/22/2018 17:20, CarnivalDreamer ,Facebook 
199," Floating on clouds of inspiration, an artist painting the sky with strokes of creativity, creating a masterpiece of dreams. ",0,12/8/2021 14:30, SkyArtist ,Twitter 
200," Navigating the river of contentment, a serene boat cruise through the tranquil waters of inner peace and acceptance. ",0,4/27/2019 9:50, RiverNavigator ,Instagram 
201," With empathy as a lantern, wandering through the dark alleys of sorrow, illuminating the path with compassion and care. ",0,9/3/2023 21:40, LanternWanderer ,Facebook 
202," A free spirit soaring on the wings of dreams, leaving trails of independence in the azure sky of boundless possibilities. ",0,6/10/2020 10:05, DreamSoarer ,Twitter 
203," Bathed in the golden hues of gratefulness, a sunset of appreciation casting its warm glow on the landscapes of the heart. ",0,4/1/2022 18:30, SunsetAdmirer ,Instagram 
204," Confident strides in the dance of life, a ballroom where self-assuredness leads, twirling through challenges with grace. ",0,1/15/2021 13:00, DanceStrider ,Facebook 
205," Hopeful whispers of wind, carrying the promises of a brighter tomorrow, a symphony of optimism in the air of possibilities. ",0,5/6/2023 7:20, WindWhisperer ,Twitter 
206," Playfully juggling responsibilities, a circus performer balancing the acts of work and joy, tossing laughter into the air. ",0,11/18/2019 15:15, JugglingArtist ,Instagram 
207," Whispering tales of inspiration to the stars, a storyteller crafting constellations from the threads of imagination. ",0,8/29/2020 20:45, StarStoryteller ,Facebook 
208," Charting a course through the waves of hopeful anticipation, a sailor steering towards the shores of dreams yet unexplored. ",0,10/30/2022 11:40, WaveNavigator ,Twitter 
209," A compassionate rain, tears of empathy falling gently, nurturing the seeds of kindness in the garden of human connections. ",0,7/1/2021 12:10, RainNurturer ,Instagram 
210," Proudly scaling the peaks of achievement, a mountaineer conquering challenges and planting the flag of success. ",0,1/5/2020 8:45, PeakConqueror ,Twitter 
211," Embraced by the hopeful dawn, a gardener sowing seeds of optimism, tending to the blooms of a brighter tomorrow. ",0,7/17/2022 6:15, DawnGardener ,Instagram 
212," A playful escapade in the carnival of life, carousel laughter and cotton candy dreams swirling in the joyous atmosphere. ",0,8/22/2018 17:20, CarnivalDreamer ,Facebook 
213," Floating on clouds of inspiration, an artist painting the sky with strokes of creativity, creating a masterpiece of dreams. ",0,12/8/2021 14:30, SkyArtist ,Twitter 
214," Navigating the river of contentment, a serene boat cruise through the tranquil waters of inner peace and acceptance. ",0,4/27/2019 9:50, RiverNavigator ,Instagram 
215," With empathy as a lantern, wandering through the dark alleys of sorrow, illuminating the path with compassion and care. ",0,9/3/2023 21:40, LanternWanderer ,Facebook 
216," A free spirit soaring on the wings of dreams, leaving trails of independence in the azure sky of boundless possibilities. ",0,6/10/2020 10:05, DreamSoarer ,Twitter 
217," Bathed in the golden hues of gratefulness, a sunset of appreciation casting its warm glow on the landscapes of the heart. ",0,4/1/2022 18:30, SunsetAdmirer ,Instagram 
218," Confident strides in the dance of life, a ballroom where self-assuredness leads, twirling through challenges with grace. ",0,1/15/2021 13:00, DanceStrider ,Facebook 
219," Proudly scaling the peaks of achievement, a mountaineer conquering challenges and planting the flag of success. ",0,1/5/2020 8:45, PeakConqueror ,Twitter 
220," Embraced by the hopeful dawn, a gardener sowing seeds of optimism, tending to the blooms of a brighter tomorrow. ",0,7/17/2022 6:15, DawnGardener ,Instagram 
221," A playful escapade in the carnival of life, carousel laughter and cotton candy dreams swirling in the joyous atmosphere. ",0,8/22/2018 17:20, CarnivalDreamer ,Facebook 
222," Drowning in the abyss of despair, a heart shattered into fragments, lost in the echoing silence of hopelessness. ",1,9/15/2021 16:00, ShatteredHeart ,Instagram 
223," Bitterness festering like a venomous vine, entwining the soul in a web of resentment, poisoning the garden of peace. ",1,3/8/2019 14:20, VenomousSoul ,Facebook 
224," Wandering through the desert of loneliness, each step a heavy sigh, mirages of connection shimmering but never materializing. ",1,7/20/2017 11:45, DesertWanderer ,Twitter 
225," Yearning for a touch that's not there, echoes of a distant warmth haunting the heart in the cold embrace of solitude. ",1,11/2/2020 19:30, ColdEmbrace ,Instagram 
226," Eyes wide open in the night, fearful shadows dancing on the walls, the mind a prisoner of imagined horrors. ",1,5/12/2022 2:00, NightPrisoner ,Facebook 
227," Apprehensive steps on the tightrope of uncertainty, a balancing act where the fall seems inevitable, anxiety a constant companion. ",1,4/8/2023 13:15, TightropeWalker ,Twitter 
228," Overwhelmed by the weight of the world, Atlas with trembling shoulders, each responsibility a boulder in the landscape of exhaustion. ",1,6/25/2021 17:50, AtlasBearer ,Instagram 
229," Jealousy, a green-eyed monster, lurking in the shadows, casting a dark cloud over the sunshine of others' success. ",1,8/30/2019 10:10, GreenMonster ,Facebook 
230," Devastated by the storm of betrayal, the wreckage of trust scattered like debris, a heart torn by the winds of broken promises. ",1,8/3/2022 15:30, StormSurvivor ,Twitter 
231," Frustrated fingers tapping on the keyboard, a symphony of annoyance composing an unsolvable puzzle of unmet expectations. ",1,12/17/2020 9:20, PuzzleComposer ,Instagram 
232," Envious eyes fixated on the gilded prize, a heartache fueled by the painful desire for possessions that seem forever out of reach. ",1,2/28/2021 22:45, GildedHeartache ,Facebook 
233," Dismissive glances, a fortress built with indifference, walls impenetrable to the pleas of understanding and recognition. ",1,5/10/2018 14:00, IndifferentFort ,Twitter 
234," Shattered dreams lie on the floor like fragments of glass, a mosaic of disappointment crafted by the hands of frustration. ",1,1/7/2022 11:10, DreamMosaic ,Instagram 
235," Loneliness, a silent companion in the night, the only echo in the chamber of solitude, a heart's solitary nocturne. ",1,9/19/2019 3:30, NocturnalEcho ,Facebook 
236," Fearful whispers in the dark, the mind haunted by the specter of the unknown, shadows dancing to the rhythm of anxiety's tune. ",1,7/14/2023 23:00, DarkWhispers ,Twitter 
237," Bitterness, a bitter aftertaste lingering on the tongue, each word a reminder of wounds that refuse to heal with the passing of time. ",1,4/5/2020 16:20, LingeringTaste ,Instagram 
238," Overwhelmed by the cacophony of expectations, a drowning soul in the tempest of pressure, struggling to stay afloat. ",1,11/29/2021 8:45, TempestSurvivor ,Facebook 
239," Jealousy, a venom that seeps through the veins, poisoning the heart and turning it into a breeding ground for discontent. ",1,12/12/2019 17:00, VenomousHeart ,Twitter 
240," Devastated by the revelation of betrayal, the trust shattered like fragile glass, leaving shards of pain in its wake. ",1,5/20/2022 14:50, FragileTrust ,Instagram 
241," Frustrated attempts to mend a broken connection, the threads of understanding slipping through the fingers like grains of sand. ",1,9/3/2020 12:15, BrokenThreads ,Facebook 
242," Envious gazes cast upon the podium of success, a bitter pill swallowed, the taste lingering as a constant reminder of unattained heights. ",1,2/10/2021 19:30, SuccessPill ,Twitter 
243," Dismissive gestures, a curtain drawn to shield the vulnerability, a stage where emotions take a backseat to the performance of indifference. ",1,8/18/2018 14:40, CurtainShield ,Instagram 
244," Despair like a heavy fog, enveloping every thought, blurring the path ahead, a journey in the labyrinth of utter hopelessness. ",1,2/28/2022 21:00, FoggyLabyrinth ,Facebook 
245," Bitterness, a bitter chill in the air, freezing moments into icicles of resentment that dangle precariously over the landscape of memory. ",1,10/15/2019 10:30, IcyResentment ,Twitter 
246," Loneliness, a solitary moon in a starless sky, casting a cold glow on the landscape of isolation, where echoes bounce in empty spaces. ",1,12/1/2017 18:50, SolitaryMoon ,Instagram 
247," Yearning for the warmth of a vanished sun, a heartache painted in the hues of a sunset that never graced the horizon. ",1,4/18/2020 16:15, VanishedSunset ,Facebook 
248," Fearful eyes scanning the shadows, a prisoner of the night, terrorized by the lurking monsters born from the mind's darkest corners. ",1,1/7/2023 3:30, NightPrisoner ,Twitter 
249," Apprehensive whispers in the wind, a forecast of uncertainty, the mind's weather vane spinning wildly in the storm of doubt. ",1,6/10/2021 10:00, WindWhisperer ,Instagram 
250," Overwhelmed by the maze of expectations, a minotaur of pressure lurking in the labyrinth, waiting to devour the spirit of resilience. ",1,2/22/2020 15:20, MazeExplorer ,Facebook 
251," Jealousy, a festering wound, the pain intensifying with each glance at the garden of others' achievements, blooming beyond the fence. ",1,3/17/2018 14:45, WoundedGarden ,Twitter 
252," Devastated, a heart in ruins, the echoes of shattered dreams reverberating in the chambers, a requiem for what once was whole. ",1,10/28/2022 11:15, RuinedHeart ,Instagram 
253," Frustrated attempts to untangle the knot of confusion, the threads of understanding slipping further into the labyrinth of miscommunication. ",1,11/1/2020 12:30, KnotUntangler ,Facebook 
254," Envious eyes locked on the treasure chest of opportunities, a heartache fueled by the desire for keys that seem forever elusive. ",1,1/15/2021 22:10, ElusiveKeys ,Twitter 
255," Dismissive gestures, a curtain drawn to shield the vulnerability, a stage where emotions take a backseat to the performance of indifference. ",1,8/18/2018 14:00, IndifferentFort ,Instagram 
256," Shattered dreams lie on the floor like fragments of glass, a mosaic of disappointment crafted by the hands of frustration. ",1,1/7/2022 11:10, DreamMosaic ,Twitter 
257," Loneliness, a silent companion in the night, the only echo in the chamber of solitude, a heart's solitary nocturne. ",1,9/19/2019 3:30, NocturnalEcho ,Facebook 
258,Awe-struck by the breathtaking sunrise over the mountains.      ,0,4/3/2022 6:15, NatureAdmirer  ,Instagram 
259,Navigating through the challenges with determination.          ,0,10/12/2023 10:30, GoalPursuer    ,Twitter 
260,Nostalgia hits while flipping through an old photo album.     ,0,6/28/2019 19:00, MemoryLane     ,Facebook 
261,Thrilled to witness the grandeur of a cultural festival.       ,0,9/15/2020 14:45, CultureEnthusiast ,Instagram 
262,Calmness found in the rhythm of raindrops on the windowpane.   ,0,11/8/2017 21:20, RainWatcher    ,Twitter 
263,Overwhelmed by the support received during a personal challenge.,1,5/20/2021 17:30, PersonalJourney ,Facebook 
264,Excitement builds as the countdown to a long-awaited vacation begins. ,0,1/10/2023 12:00, VacationDreamer ,Instagram 
265,"Reflecting on life's journey, grateful for the lessons learned. ",0,12/5/2018 8:45, LifeLearner   ,Twitter 
266,Bittersweet emotions arise while bidding farewell to a dear friend. ,2,3/15/2020 18:30, FarewellSender ,Instagram 
267,Curiosity sparked by exploring a mysterious ancient ruin.      ,0,8/22/2016 15:10, HistoryExplorer ,Facebook 
268,Admiration for the intricate details of a handcrafted masterpiece. ,0,8/20/2019 16:00, CraftEnthusiast ,Instagram 
269,Overjoyed by the warmth of a cozy fireplace on a winter evening.   ,0,12/8/2021 19:30, WinterLover     ,Twitter 
270,Inspiration strikes while observing the colors of a vibrant sunset.,0,6/10/2020 20:45, SunsetWatcher   ,Instagram 
271,Motivated to achieve fitness goals after an invigorating workout.  ,0,2/28/2022 7:15, FitnessJunkie   ,Facebook 
272,Gratitude for the simple joys found in a cup of morning coffee.    ,0,4/15/2017 8:00, CoffeeLover     ,Twitter 
273,Feeling empowered after conquering a challenging hiking trail.     ,0,9/5/2018 14:20, HikingExplorer  ,Instagram 
274,Amused by the antics of playful kittens during playtime.           ,0,10/22/2022 12:45, KittyObserver   ,Facebook 
275,Contemplating life's mysteries under the starry night sky.         ,0,7/2/2016 23:30, Stargazer       ,Twitter 
276,Joyful reunion with long-lost friends after years of separation.   ,0,11/18/2020 17:10, FriendshipRenewal ,Instagram 
277,Excitement builds while preparing for a surprise celebration.     ,0,3/5/2023 15:00, CelebrationPlanner ,Facebook 
278,Satisfaction derived from successfully completing a DIY project.  ,0,12/1/2015 11:30, DIYEnthusiast   ,Twitter 
279,Feeling blessed for the supportive community in times of need.    ,0,9/10/2021 9:45, CommunityHelper ,Instagram 
280,Captivated by the serenity of a tranquil garden in full bloom.     ,0,5/12/2018 14:20, GardenEnthusiast ,Facebook 
281,Anticipation for an upcoming adventure in an exotic destination.   ,0,7/25/2022 10:00, Wanderlust      ,Twitter 
282,Reflecting on personal growth achieved through life experiences.  ,0,3/8/2019 18:30, GrowthSeeker    ,Instagram 
283,Nostalgic memories flood in while revisiting childhood favorites. ,0,1/28/2017 21:15, ChildhoodMemories ,Facebook 
284,Appreciation for the vibrant culture experienced during travel.   ,0,11/14/2016 13:45, CultureExplorer ,Twitter 
285,Confidence soars after overcoming public speaking anxiety.       ,0,4/2/2020 17:30, PublicSpeaker   ,Instagram 
286,Contentment in the midst of a family gathering filled with laughter. ,0,1/15/2023 19:00, FamilyCelebration ,Facebook 
287,Enthusiasm for learning new skills and expanding knowledge.      ,0,8/7/2018 12:15, LifelongLearner ,Twitter 
288,Surprise and delight at discovering a hidden gem in the city.    ,0,10/18/2019 16:45, CityExplorer    ,Instagram 
289,A sense of accomplishment after completing a challenging workout.,0,6/30/2022 7:00, FitnessAchiever ,Facebook 
290,Wonderment at the beauty of a double rainbow after the rain.     ,0,6/12/2017 18:20, RainbowChaser   ,Twitter 
291,Optimism for a bright future amidst challenging times.           ,0,7/5/2021 9:30, FutureOptimist  ,Instagram 
292,Pride in achieving a personal milestone in career progression.   ,0,4/15/2016 14:50, CareerAchiever  ,Facebook 
293,Happiness blooms like flowers in a garden on a sunny day.        ,0,2/10/2020 11:15, SunnyDayEnthusiast ,Twitter 
294,Elation over discovering a rare book in a quaint bookstore.      ,0,9/22/2018 16:30, Bookworm        ,Instagram 
295,Curiosity piqued by the mysteries of an ancient archaeological site.,0,11/8/2015 10:00, ArchaeologyEnthusiast ,Facebook 
296,Mesmerized by the cosmic dance of fireflies on a moonlit night.    ,0,8/10/2022 22:00, NightSkyObserver ,Instagram 
297,Intrigued by the symphony of colors in an abstract art exhibition. ,0,4/5/2019 17:30, ArtConnoisseur  ,Twitter 
298,Giggles and joy echo in the air during a children's playdate.      ,0,12/15/2020 15:45, PlayfulParent   ,Facebook 
299,Enveloped in serenity while practicing mindfulness by the lake.    ,0,10/20/2017 8:15, ZenSeeker       ,Instagram 
300,Chasing dreams like a kite soaring high in the vast open sky.      ,0,2/28/2021 13:00, SkyDreamer      ,Twitter 
301,Spellbound by the elegance of a ballroom dance under crystal chandeliers. ,0,6/12/2018 20:30, DanceEnthusiast ,Facebook 
302,Whimsical delight in a world of fairy tales and magical creatures.  ,0,3/8/2016 14:20, FairyTaleExplorer ,Instagram 
303,Pensive contemplation amid the ancient ruins of a forgotten civilization. ,0,4/18/2023 17:10, RuinsExplorer   ,Twitter 
304,Embracing the thrill of speed on a rollercoaster's exhilarating twists. ,0,7/25/2020 12:45, RollercoasterFan ,Facebook 
305,Harmony resonates as musicians play a melody of unity and togetherness. ,0,11/30/2019 19:30, MusicHarmonist  ,Instagram 
306,Whispers of inspiration from the rustling leaves in a serene forest. ,0,11/15/2016 11:45, ForestDreamer   ,Facebook 
307,Savoring the warmth of a cup of cocoa on a chilly winter evening.   ,0,1/12/2020 18:00, WinterWarmth    ,Instagram 
308,Heartfelt gratitude for the laughter shared during a family reunion. ,0,12/28/2017 19:15, FamilyGatherer ,Facebook 
309,"Embarking on a culinary odyssey, savoring flavors around the world. ",0,3/2/2019 20:20, CulinaryExplorer ,Twitter 
310,Euphoria floods in as the final puzzle piece fits perfectly.       ,0,6/8/2022 15:30, PuzzleSolver    ,Instagram 
311,Awe-struck by the grandeur of an ancient cathedral's intricate architecture. ,0,8/18/2018 14:45, CathedralVisitor ,Facebook 
312,Curiosity awakened by the mysteries of an ancient archaeological site. ,0,11/8/2015 10:00, ArchaeologyEnthusiast ,Instagram 
313,Giddy with excitement as the first snowflakes dance from the sky. ,0,12/2/2020 17:30, SnowfallEnthusiast ,Twitter 
314,Contentment envelops as the aroma of freshly baked bread fills the air. ,0,6/10/2017 12:15, BreadLover     ,Instagram 
315,Inspired by the resilience of a lone tree standing tall in a storm. ,0,4/15/2021 14:20, NatureResilient ,Facebook 
316,"Lost in the pages of a captivating novel, transported to another world. ",0,9/28/2019 19:45, Bookworm       ,Twitter 
317,Drenched in nostalgia while flipping through an old family photo album. ,0,12/5/2016 21:00, FamilyHistorian ,Instagram 
318,Spark of inspiration ignites like a shooting star in the night sky. ,0,2/10/2018 23:30, NightSkyWatcher ,Facebook 
319,Imbued with gratitude for the simple pleasure of a warm cup of tea. ,0,2/15/2023 8:30, TeaEnthusiast  ,Twitter 
320,Marveling at the kaleidoscope of colors in a vibrant street market. ,0,8/22/2015 15:00, MarketExplorer ,Instagram 
321,Awash with serenity as the sun sets over a tranquil lakeside retreat. ,0,11/20/2020 18:45, LakesideRetreater ,Facebook 
322,Drowning in sorrow as memories of lost love resurface.            ,1,8/5/2019 21:00, LostInLove      ,Instagram 
323,Numbness sets in as the weight of loneliness grows heavier.       ,1,2/12/2021 16:45, SolitudeSeeker ,Twitter 
324,"Tears fall like raindrops, mourning the end of a cherished friendship. ",1,11/28/2020 14:20, FriendshipsEnd  ,Facebook 
325,"Despair clouds the mind, feeling adrift in an endless sea of darkness. ",1,5/15/2016 22:30, LostInDarkness  ,Instagram 
326,"Shattered by betrayal, trust crumbles like fragile glass.          ",1,9/10/2018 13:15, BrokenTrust     ,Twitter 
327,"Aching heart, the symphony of pain plays in the silence of solitude. ",1,3/20/2022 19:30, SilentSufferer  ,Facebook 
328,"Emotional storm, a whirlwind of sadness engulfs every thought.    ",1,7/18/2017 17:45, StormyFeelings  ,Instagram 
329,"Haunted by regrets, the ghost of the past lingers relentlessly.   ",1,12/15/2018 10:00, LingeringGhost  ,Twitter 
330,"Torn apart by grief, the echoes of loss reverberate through the soul. ",1,6/28/2015 21:15, EchoesOfLoss    ,Facebook 
331,"Isolation deepens, an emotional winter where warmth is but a distant memory. ",1,4/2/2020 14:20, WinterOfEmotions ,Instagram 
332,"Soul-crushing disappointment, hopes shattered like fragile glass. ",1,10/8/2019 18:30, ShatteredHopes  ,Twitter 
333,"Painful echoes of a love once cherished, now lost in the abyss of time. ",1,11/22/2016 9:45, AbyssOfTime     ,Facebook 
334,"Heartache deepens, a solitary journey through the abyss of despair. ",1,8/18/2022 22:00, SolitaryDescent ,Instagram 
335,"Melancholy lingers, a bittersweet serenade in the quietude of solitude. ",1,3/12/2017 23:30, SerenadeOfSolitude ,Twitter 
336,"Bitterness like a poison, seeping into every crevice of the wounded heart. ",1,12/15/2015 16:15, PoisonedHeart   ,Facebook 
337,"Emotional exhaustion, the weight of the world crushing weary shoulders. ",1,9/5/2021 13:30, WearySoulCrushed ,Instagram 
338,"Sorrowful echoes, a symphony of pain played by the strings of loss. ",1,5/22/2018 20:45, StringsOfSorrow ,Twitter 
339,"Darkness descends, engulfing the soul in the shadows of despair.  ",1,7/10/2016 18:20, SoulInShadow    ,Facebook 
340,"Desperation whispers, the silent plea for a glimmer of hope in the abyss. ",1,4/30/2019 14:00, WhisperedDespair ,Instagram 
341,"Heart in ruins, the remnants of shattered dreams scattered in the wind. ",1,1/8/2022 11:30, DreamsInWind    ,Twitter 
342,"Shattered by the echoes of a shattered dream, fragments of hope scattered. ",1,9/10/2017 19:15, DreamEchoes ,Twitter 
343,"Avoiding the thorns of regret, walking barefoot on the path of remorse. ",1,4/18/2022 11:30, RemorseWalker ,Instagram 
344,"In the labyrinth of grief, the walls echo with the footsteps of lost joy. ",1,12/5/2018 21:45, JoyLabyrinth ,Facebook 
345,"A soul adrift in the sea of solitude, waves of loneliness crashing relentlessly. ",1,6/28/2016 14:20, SolitudeSeas ,Twitter 
346,"The bitterness of betrayal, a taste that lingers, staining the palate of trust. ",1,10/22/2019 17:00, PalateStainer ,Instagram 
347,"In the ruins of hope, echoes of shattered dreams whisper tales of loss. ",1,3/15/2021 22:45, HopeRuins ,Facebook 
348,"Sinking like a stone in the ocean of heartbreak, each ripple a sigh of despair. ",1,8/10/2017 19:30, OceanSinker ,Twitter 
349,"Tears, the ink staining the pages of a journal, a testament to silent grief. ",1,1/28/2023 14:30, InkJournalist ,Instagram 
350,"In the wasteland of lost trust, the echoes of broken promises reverberate. ",1,12/12/2016 10:00, TrustWasteland ,Facebook 
351,"Avoiding the shards of shattered dreams, walking the tightrope of resilience. ",1,7/18/2020 15:15, DreamTightrope ,Twitter 
352,"Suffocating in the silence of solitude, where echoes of laughter once thrived. ",1,5/20/2022 20:30, EchoedLaughter ,Instagram 
353,"Haunted by the specter of lost possibilities, a ghost that refuses to fade away. ",1,11/8/2019 14:45, PossibilityGhost ,Twitter 
354,"In the labyrinth of despair, the echoes of a broken heart reverberate endlessly. ",1,3/28/2017 22:00, EndlessLabyrinth ,Facebook 
355,"Sinking like autumn leaves in the river of sorrow, carried away by the current. ",1,9/15/2020 18:15, RiverOfSorrow ,Instagram 
356,"In the garden of broken dreams, petals fall, a silent testimony to shattered hopes. ",1,6/10/2018 13:30, DreamGardener ,Twitter 
357,"Tears, the currency of grief, spent in the marketplace of lost love and longing. ",1,12/22/2016 21:45, CurrencyOfTears ,Facebook 
358,"Wandering in the maze of betrayal, the walls closing in with every wrong turn. ",1,1/5/2021 16:20, MazeWanderer ,Instagram 
359,"A soul weathered by the storm of heartbreak, seeking refuge in the calm after. ",1,4/18/2019 11:00, StormSeeker ,Twitter 
360,"In the tapestry of despair, threads of hope unravel, leaving a portrait of sorrow. ",1,8/28/2017 19:30, TapestrySorrow ,Facebook 
361,"Like a withered rose in the garden of love, petals fall, a silent surrender to time. ",1,2/10/2023 14:30, WitheredRose ,Instagram 
362,"In the void of heartache, echoes of a love song play, each note a pang of longing. ",1,7/10/2022 22:15, LoveSongEcho ,Instagram 
363,"Nostalgia, a bittersweet dance in the moonlit ballroom of cherished memories. ",1,5/15/2019 21:30, MoonlitMemories ,Twitter 
364,"In the symphony of grief, each tear is a note, composing a melancholic melody. ",1,11/28/2018 14:00, SymphonyOfTears ,Facebook 
365,"Betrayal, a venomous serpent slithering through the garden of trust, poisoning roots. ",1,3/2/2021 17:45, VenomousGarden ,Instagram 
366,"Sinking in the quicksand of despair, the harder you fight, the deeper you descend. ",1,10/18/2016 19:30, QuicksandFighter ,Twitter 
367,"Wandering through the cemetery of lost dreams, tombstones marking untold sorrows. ",1,8/15/2020 12:30, DreamCemetery ,Facebook 
368,"Swept away by the river of regret, the currents of the past refusing to release. ",1,4/28/2017 16:20, RegretRiver ,Instagram 
369,"Whispers of lost love linger in the attic of the heart, forgotten but not erased. ",1,9/10/2019 21:00, HeartAttic ,Twitter 
370,"In the gallery of broken promises, each shattered vow framed, a painful exhibition. ",1,1/28/2022 13:45, PromiseGallery ,Facebook 
371,"The echoes of solitude, a silent conversation between a soul and its shadows. ",2,6/15/2016 22:30, EchoedConversation ,Instagram 
372,"Dancing on sunshine, each step a celebration of the joy found in simple moments. ",0,8/20/2021 15:45, SunshineDancer ,Instagram 
373,"Laughter echoes in the air, a chorus of happiness that lifts the spirit higher. ",0,4/12/2018 18:30, EchoedLaughter ,Twitter 
374,"In the garden of contentment, each bloom whispers tales of inner peace and joy. ",0,2/15/2022 12:20, GardenOfJoy ,Facebook 
375,"Chasing dreams under the vibrant sky, a journey fueled by hope and enthusiasm. ",0,10/28/2019 14:15, DreamChaser ,Instagram 
376,"Serenading the stars with a heart full of gratitude, a melody of thankfulness. ",0,12/22/2017 21:00, StarSerenader ,Twitter 
377,"Basking in the glow of accomplishment, each milestone a stepping stone to happiness. ",0,6/10/2020 17:30, GlowAchiever ,Facebook 
378,"In the dance of positivity, every step is a rhythm, uplifting the soul in harmony. ",0,9/18/2016 19:45, DanceHarmony ,Instagram 
379,"Overflowing with joy, a cup of laughter shared with friends, a moment cherished. ",0,3/10/2023 14:30, LaughterCup ,Twitter 
380,"Draped in the warmth of kindness, a quilt of compassion stitched with love. ",0,5/5/2019 12:15, QuiltedCompassion ,Facebook 
381,"In the garden of friendships, each bloom a testament to the beauty of camaraderie. ",0,8/28/2018 16:00, FriendshipGarden ,Instagram 
382,"In the embrace of love, each heartbeat is a melody, dancing to the rhythm of affection. ",0,11/15/2022 20:45, MelodyOfLove ,Twitter 
383,"Surrounded by the colors of joy, a canvas painted with laughter and endless smiles. ",0,7/2/2019 17:00, ColorfulLaughter ,Instagram 
384,"In the symphony of excitement, each note is a burst of energy, igniting the soul with fervor. ",0,4/18/2021 14:20, SymphonyFervor ,Facebook 
385,"A surprise gift, wrapped in anticipation, unfolds a moment of delight and wonder. ",0,2/5/2023 19:30, WrappedDelight ,Twitter 
386,"Lost in the maze of curiosity, each twist and turn unveils the treasures of discovery. ",0,9/22/2018 12:45, MazeDiscovery ,Instagram 
387,"Floating on clouds of gratitude, each raindrop a blessing, a shower of thankfulness. ",0,12/10/2016 21:15, CloudsOfBlessings ,Facebook 
388,"Like a comet of inspiration, streaking through the sky of creativity, leaving trails of brilliance. ",0,5/28/2020 16:00, CometCreativity ,Twitter 
389,"In the celebration of success, fireworks of accomplishment light up the night sky of triumph. ",0,11/15/2017 22:30, FireworksTriumph ,Instagram 
390,"Watching a heartwarming family drama, tears flow freely as the characters overcome challenges, leaving the viewer with a warm glow. ",0,1/15/2021 18:00, DramaEnthusiastHeartwarmingMoments ,Instagram 
391,"At the Oscars, the actor graciously accepts an award, radiating joy and gratitude for the recognition of their outstanding performance. ",0,2/28/2016 20:30, AwardWinningActorOscarsRecipient ,Facebook 
392,"Discovering a hidden gem in the world of documentaries, the viewer is enlightened and inspired, feeling a renewed sense of curiosity. ",0,4/20/2022 17:30, DocumentaryEnthusiastHiddenGemFinder ,Twitter 
393,"As the movie credits roll, the viewer experiences a mix of awe and contemplation, pondering the deeper meanings woven into the storyline. ",0,11/5/2019 21:15, FilmBuffContemplativeViewer ,Instagram 
394,"Binge-watching a thrilling crime series, the suspense keeps the viewer on the edge of their seat, creating a rush of adrenaline. ",0,7/12/2015 22:00, CrimeSeriesEnthusiastThrillSeeker ,Facebook 
395,"As the closing scene unfolds, a sense of satisfaction washes over, completing the cinematic journey with a profound and fulfilling ending. ",0,9/10/2020 19:45, FilmCriticSatisfactionSeeker ,Twitter 
396,"Celebrating a historic victory in the World Cup, the nation erupts in joy, united by the triumph of their football team. ",0,7/15/2018 21:30, FootballFanWorldCupCelebration ,Instagram 
397,"At the Olympics, the athlete's perseverance shines through, earning a gold medal and inspiring a generation with their remarkable achievement. ",0,8/8/2020 19:45, OlympicsEnthusiastGoldMedalWinner ,Twitter 
398,"In the cricket championship, a nail-biting finish leaves fans on the edge of their seats, experiencing a rollercoaster of emotions. ",0,6/25/2019 22:15, CricketFanChampionshipThrills ,Facebook 
399,"Witnessing a record-breaking marathon, spectators are filled with awe and admiration for the endurance and dedication of the runners. ",0,11/7/2021 17:30, MarathonSpectatorRecordBreaking ,Instagram 
400,"In the tennis grand slam, a fierce rivalry unfolds, captivating fans with a display of skill and sportsmanship on the world stage. ",0,9/10/2017 20:15, TennisEnthusiastGrandSlamDrama ,Twitter 
401,"Cheering for the underdog in the basketball finals, the crowd erupts in applause as the team defies odds to claim the championship title. ",0,6/20/2022 21:00, BasketballFanUnderdogTriumph ,Facebook 
402,"At the golf tournament, the golfer's precision and focus lead to a stunning victory, leaving spectators in awe of their exceptional skill. ",0,4/10/2016 18:30, GolfEnthusiastPrecisionVictory ,Instagram 
403,"Experiencing the thrill of a high-speed Formula 1 race, fans are on the edge of their seats as drivers compete for the championship. ",0,11/24/2019 19:45, F1FanHighSpeedRaceExcitement ,Twitter 
404,"In the cycling world championship, the climber conquers challenging terrains, symbolizing determination and achievement against all odds. ",0,9/28/2015 22:30, CyclingEnthusiastWorldChampion ,Facebook 
405,"Witnessing a heartwarming comeback in the hockey finals, fans share tears of joy as the team secures a historic victory after adversity. ",0,12/12/2020 20:00, HockeyFanComebackVictory ,Instagram 
406,"After a series of defeats, the soccer team faces disappointment, struggling to find the silver lining in a challenging season. ",1,11/2/2019 18:45, SoccerFanTeamDefeats ,Twitter 
407,"In the tennis tournament, a highly anticipated player experiences a setback, leaving fans in shock and questioning the unforeseen turn of events. ",1,7/10/2018 21:15, TennisEnthusiastUnexpectedSetback ,Instagram 
408,"Facing a defeat in the championship, the boxer reflects on the challenges, vowing to return stronger and more determined in the next bout. ",1,9/18/2020 19:30, BoxingFanChampionshipDefeat ,Facebook 
409,"In the midst of a cycling race, a tire blowout leads to frustration for the cyclist, who valiantly tries to overcome the unexpected obstacle. ",1,5/15/2017 22:00, CyclingEnthusiastTireBlowout ,Twitter 
410,"The gymnast's unexpected fall during a routine sparks a wave of sympathy from the audience, highlighting the vulnerability of sports. ",1,4/5/2021 20:15, GymnasticsFanRoutineFall ,Instagram 
411,"In the golf tournament, a missed crucial putt results in defeat, causing the golfer to reflect on the pressure of high-stakes competition. ",1,8/20/2016 18:30, GolfEnthusiastMissedPutt ,Facebook 
412,"Experiencing a series of losses in the basketball season, the team grapples with frustration, determined to turn the tide with renewed effort. ",0,2/12/2019 19:45, BasketballFanTeamLosses ,Twitter 
413,"Despite meticulous training, the swimmer faces disappointment as a split-second miscalculation costs them the lead in a crucial race. ",1,6/28/2015 20:00, SwimmingEnthusiastRaceSetback ,Instagram 
414,"The weightlifter's failed attempt at a personal record results in frustration, highlighting the challenging nature of pushing physical limits. ",1,1/8/2022 21:30, WeightliftingFanFailedRecord ,Facebook 
415,"In the midst of a soccer match, an unexpected own goal creates a moment of despair for the player, as teammates console and encourage them. ",1,12/15/2018 20:15, SoccerPlayerOwnGoalMoment ,Twitter 
416,"In the serene beauty of a sunset, nature unfolds a canvas of colors, evoking a sense of tranquility and wonder. ",0,7/10/2021 19:00, NatureEnthusiastSunsetWonder ,Instagram 
417,"Embarking on a spontaneous road trip, the traveler discovers hidden gems, creating memories that will be cherished for a lifetime. ",0,9/28/2019 20:30, TravelEnthusiastRoadTripDiscovery ,Twitter 
418,"Amidst the bustling city, a quiet caf√© becomes a sanctuary for reflection, where a cup of coffee brings solace to the wandering mind. ",0,3/15/2022 18:45, UrbanExplorerCafeSolitude ,Facebook 
419,"Exploring the vibrant street art of a cultural neighborhood, each mural tells a story, infusing the city with creativity and expression. ",0,11/5/2017 21:15, ArtEnthusiastStreetArtExploration ,Instagram 
420,"In the world of science, a breakthrough discovery unfolds, pushing the boundaries of knowledge and opening new frontiers of exploration. ",0,5/20/2020 16:30, ScienceEnthusiastDiscoveryMoment ,Twitter 
421,"Connecting with the melody of a live orchestra, the music enthusiast experiences a symphony that resonates deep within the soul. ",0,8/22/2016 19:45, MusicLoverLiveOrchestraExperience ,Facebook 
422,"Embracing the aroma of freshly baked bread, the home chef finds joy in the art of baking, creating delicious memories for loved ones. ",0,4/10/2023 17:15, HomeBakerDeliciousMemories ,Instagram 
423,"Wandering through a historical museum, the history enthusiast becomes immersed in the tales of the past, envisioning bygone eras. ",2,12/18/2015 18:00, HistoryBuffMuseumExploration ,Twitter 
424,"In the realm of literature, a captivating novel transports the reader to distant lands, weaving a tapestry of imagination and escape. ",0,10/8/2021 20:30, BookwormCaptivatingNovelEscape ,Facebook 
425,"Capturing the essence of a bustling market, the photographer freezes moments in time, each frame telling a unique and vibrant story. ",0,3/22/2019 21:45, PhotographyEnthusiastMarketMoments ,Instagram 
426,"Underneath the city lights, the dancer expresses emotions through graceful movements, creating a mesmerizing performance under the night sky. ",0,6/15/2018 22:00, DanceEnthusiastCityNightPerformance ,Twitter 
427,"In the heart of a bustling market, the street food connoisseur indulges in a culinary adventure, savoring diverse flavors and aromas. ",0,8/28/2019 19:30, FoodieMarketStreetFoodExploration ,Instagram 
428,"As the first snowflake descends, the winter enthusiast eagerly prepares for a season of frosty delights, anticipating the magic of snow-covered landscapes. ",0,12/1/2022 17:45, SnowLoverWinterEnthusiast ,Facebook 
429,"Amidst the pages of a captivating mystery novel, the reader unravels clues and secrets, experiencing a thrilling journey of suspense and revelation. ",0,4/10/2017 21:15, MysteryBookwormSuspensefulRead ,Twitter 
430,"Surrounded by the vibrant colors of a flower garden, the gardener nurtures blossoms, finding joy in the beauty of nature's ever-changing canvas. ",0,5/15/2020 18:30, GardeningEnthusiastFlowerGarden ,Instagram 
431,"At the astronomy observatory, the stargazer marvels at the vastness of the cosmos, contemplating the mysteries hidden within the celestial expanse. ",0,9/22/2016 20:00, AstronomyEnthusiastStargazing ,Facebook 
432,"Engulfed in the aroma of freshly brewed coffee, the writer finds inspiration in every sip, embarking on a journey of creativity and prose. ",0,2/12/2023 19:45, CoffeeLoverWritersRetreat ,Twitter 
433,"In the realm of fashion, the designer unveils a collection that tells a story, blending innovation and tradition on the runway of creativity. ",0,11/10/2015 21:00, FashionEnthusiastDesignerShowcase ,Instagram 
434,"As the waves crash against the shore, the surfer embraces the thrill of riding the ocean's energy, capturing the essence of freedom in each wave. ",0,7/20/2021 18:15, SurfingEnthusiastWaveRider ,Facebook 
435,"Exploring the historical architecture of an ancient city, the traveler is transported to a bygone era, where each monument whispers tales of the past. ",0,4/18/2019 20:30, HistoryExplorerAncientCityTour ,Twitter 
436,Successfully avoided eye contact with my crush in the hallway. Mission accomplished. #TeenCrush #StealthMode ,0,5/20/2023 19:45, CrushAvoider ,Twitter 
437,Ran out of snacks during a movie marathon. Crisis level: Emergency! #MovieNightStruggles #TeenProblems ,1,5/21/2023 21:00, MovieBuff ,Instagram 
438,Spent an hour choosing the perfect filter for a selfie. The struggle for that Instagram aesthetic is real. #SelfieQueen #TeenVibes ,0,5/22/2023 14:30, SelfieAddict ,Facebook 
439,Lost my headphones again. How do they vanish into thin air? #HeadphoneMystery #TeenLife ,1,5/23/2023 16:45, AudioExplorer ,Twitter 
440,Decided to study for exams but ended up making memes about studying instead. Procrastination level: Expert. #ProcrastinationNation #TeenConfessions ,0,5/24/2023 13:15, MemeCreator ,Instagram 
441,"Got dressed for the day, then remembered it's Saturday. Oops. #WeekendVibes #TeenStruggles ",2,5/25/2023 19:00, FashionBlunder ,Facebook 
442,Survived a group project without any drama. Miracles do happen. #GroupProjectSuccess #TeenAchievements ,0,5/26/2023 14:20, GroupGenius ,Twitter 
443,"Entered the kitchen with the intention to cook. Left with a bag of chips. Cooking is overrated, anyway. #MasterChefInTraining #TeenHumor ",1,5/27/2023 21:15, ChipExplorer ,Instagram 
444,"Staring at the clock in class, waiting for the bell to ring like it's the most exciting event of the day. #ClassCountdown #TeenLife ",0,5/28/2023 12:00, ExcitementSeeker ,Facebook 
445,"Discovered a new book series and spent the whole night reading. Who needs sleep, anyway? #BookwormLife #LateNightReading ",0,5/29/2023 23:30, NightReader ,Twitter 
446,"Bought a new video game, played for hours, forgot to eat. The ultimate gaming session. #GamerLife #NoFoodGaming ",0,5/30/2023 20:45, GamingEnthusiast ,Instagram 
447,Spent the day binge-watching a new series. Productivity level: Zero. #LazyDay #TVSeriesMarathon ,0,5/31/2023 15:30, LazyWatcher ,Facebook 
448,Caught up on the latest fashion trends and now planning a shopping spree. #Fashionista #TrendyTeen ,0,6/1/2023 18:00, TrendExplorer ,Twitter 
449,Decided to learn a new instrument. Day one: Still trying to figure out how to hold it. #MusicNovice #LearningJourney ,1,6/2/2023 14:30, MusicalExplorer ,Instagram 
450,Spent hours creating the perfect playlist for every mood. Music is my therapy. #PlaylistMaker #TeenMusicLover ,0,6/3/2023 21:15, MusicAficionado ,Facebook 
451,Successfully cooked a gourmet meal for the family. Chef skills unlocked! #ChefMode #TeenChef ,0,6/4/2023 19:30, HomeChef ,Twitter 
452,Spontaneously booked a weekend getaway. Adventure awaits! #TravelBug #WeekendEscape ,0,6/5/2023 10:00, AdventureSeeker ,Instagram 
453,Attended a concert and danced the night away. Music is the heartbeat of life. #ConcertVibes #DanceAllNight ,0,6/6/2023 22:30, DanceEnthusiast ,Facebook 
454,Rediscovered childhood cartoons and had a nostalgia-filled marathon. #CartoonNostalgia #TeenMemories ,0,6/7/2023 12:45, NostalgiaExplorer ,Twitter 
455,Embarked on a DIY home decor project. Let's hope it turns out better than last time. #DIYAdventure #TeenHomeDecor ,0,6/8/2023 16:00, HomeDecorator ,Instagram 
456,"Spent the afternoon at a museum, pretending to be cultured. Art enthusiast in the making. #MuseumDay #TeenArtLover ",0,6/9/2023 14:00, ArtExplorer ,Facebook 
457,Started a blog about random thoughts and musings. Blogging is the new diary. #BloggerLife #TeenBlogger ,0,6/10/2023 17:30, ThoughtfulBlogger ,Twitter 
458,Relishing a peaceful afternoon with a classic novel. Quiet moments are the best moments. #BookLover #PeacefulAfternoon ,0,6/11/2023 15:30, NovelEnthusiast ,Instagram 
459,"Reflecting on a lifetime of memories, each wrinkle tells a story. Embracing the beauty of aging. #LifeReflections #BeautyInAging ",0,6/12/2023 18:00, WiseSoul ,Twitter 
460,Exploring the world of digital art. It's never too late to discover new passions. #DigitalArtistry #LateBloomer ,0,6/13/2023 14:45, ArtAdventurer ,Facebook 
461,Savoring the flavors of a home-cooked meal. Simple joys are the heart of happiness. #HomeCooking #SimpleJoys ,0,6/14/2023 19:30, HomeChefSenior ,Instagram 
462,Embarking on a journey of learning a new language. The mind stays young with every new word. #LanguageLearning #NeverTooLate ,0,6/15/2023 12:15, LinguisticExplorer ,Twitter 
463,"Started a blog sharing the wisdom gained through the years, proving that every day is a chance to learn and grow. #SeniorWisdom #Blog ",0,7/19/2023 19:45, WisdomBloggerSenior ,Instagram 
464,"Participated in a charity run, proving that age is no barrier to supporting meaningful causes. #CharityRun #SeniorRunner ",0,7/20/2023 17:00, SeniorCharityRunner ,Twitter 
465,"Survived a challenging physics exam. Equations, you won't defeat me! ",0,8/1/2023 13:30, PhysicsWhizHighSchool ,Instagram 
466,Exploring the world of coding. Debugging is an adventure on its own! #CodingJourney #HighSchoolCoder ,0,8/2/2023 14:45, CodeExplorerHighSchool ,Twitter 
467,"Joined the school debate team. Words are my weapons, and I'm ready for battle! ",0,8/3/2023 12:15, DebateWarriorHighSchool ,Facebook 
468,"Started a photography club at school. Capturing moments, one snapshot at a time! ",0,8/4/2023 16:30, PhotoClubHighSchool ,Instagram 
469,"Daydreaming about the upcoming prom. The dress, the dance ‚Äì it's a fairytale in the making! ",0,8/5/2023 19:45, PromDreamerHighSchool ,Twitter 
470,Convinced the teacher to have class outdoors. Learning equations with a side of fresh air! ,0,8/6/2023 14:00, OutdoorClassHighSchool ,Facebook 
471,"Accidentally spilled paint in art class. Abstract art, right? #ArtClassAdventures #HighSchoolArtist ",0,8/7/2023 19:45, PaintSpillHighSchool ,Instagram 
472,Trying to master the perfect kickflip on my skateboard. Skating into the weekend like a pro! ,0,8/8/2023 16:00, SkateProHighSchool ,Twitter 
473,Bonding with friends over the latest K-pop sensation. Fangirling at its finest! ,0,8/9/2023 22:30, KpopFangirlHighSchool ,Facebook 
474,Spent hours perfecting a chemistry experiment. Mixing potions like a wizard! ,0,8/10/2023 14:20, ChemistryWizardHighSchool ,Instagram 
475,Successfully organized a surprise birthday party for a friend. Party planning expert mode: Achieved! ,0,8/11/2023 18:45, BirthdayPartyPlannerHighSchool ,Twitter 
476,"Joined the drama club to unleash my inner actor. Lights, camera, action! ",0,8/12/2023 13:45, DramaClubStarHighSchool ,Facebook 
477,Got my hands on the latest fantasy novel. Diving into realms of magic and adventure! ,0,8/13/2023 20:00, FantasyBookNerdHighSchool ,Instagram 
478,Mastering the art of the perfect doodle during boring classes. Doodles: A+! ,0,8/14/2023 16:15, DoodleMasterHighSchool ,Twitter 
479,Attempting to break the school record for the longest handstand. Wish me luck! ,0,8/15/2023 19:30, HandstandChallengeHighSchool ,Facebook 
480,Sneaking snacks into class like a pro. The art of snack-smuggling is a sacred skill! ,2,8/16/2023 14:00, SnackSmugglerHighSchool ,Instagram 
481,Hosting a sleepover with friends this weekend. Preparing for a night of laughter and memories! ,0,8/17/2023 22:15, SleepoverHostHighSchool ,Twitter 
482,"Spent hours on a TikTok dance, only to realize I have two left feet. Dance fail: Unleashed! ",1,8/18/2023 16:30, TikTokFailHighSchool ,Facebook 
483,Accidentally liked my crush's old photo while stalking their profile. Awkward level: Maximum! ,1,8/19/2023 19:45, SocialMediaBlunderHighSchool ,Instagram 
484,Tried to impress my crush with a smooth conversation. Ended up spilling my drink. Smooth level: Nonexistent! ,1,8/20/2023 17:00, CrushFailHighSchool ,Twitter 
485,Mastered the art of creating paper airplanes during lecture. Paper planes: Soaring to new heights! ,0,8/21/2023 15:45, PaperPlaneExpertHighSchool ,Instagram 
486,Trying to set a new trend by juggling textbooks between classes. Academic juggling: A unique skill! ,0,8/22/2023 12:30, JugglingProHighSchool ,Facebook 
487,Hiding a snack stash in my backpack for emergency cravings. Snack ninja mode: Activated! ,2,8/23/2023 16:45, SnackNinjaHighSchool ,Twitter 
488,Planning a surprise scavenger hunt for friends. Anticipating the thrill and excitement! ,0,8/24/2023 18:20, ScavengerHuntMasterHighSchool ,Instagram 
489,Danced in the rain to celebrate the end of exams. Rain dance: Unexpectedly refreshing! ,0,8/25/2023 14:15, RainDanceCelebrationHighSchool ,Facebook 
490,Accidentally sent a text meant for a friend to the class group chat. Texting fail: Oops moment! ,1,8/26/2023 17:30, GroupChatBlunderHighSchool ,Twitter 
491,Tried a magic trick to impress classmates. Magic fail: Where did that rabbit go? ,1,8/27/2023 20:45, MagicFailHighSchool ,Instagram 
492,Perfecting the art of creating origami during a dull lecture. Origami mastery: A+! ,0,8/28/2023 16:00, OrigamiProHighSchool ,Twitter 
493,Attempting to set a new record for the most consecutive hacky sack kicks. Hacky sack skills: Unleashed! ,0,8/29/2023 13:45, HackySackChampionHighSchool ,Instagram 
494,Creating a secret handshake with friends. Friendship level: Expert! ,0,8/30/2023 17:30, SecretHandshakeHighSchool ,Facebook 
495,Embarking on a mission to find the best burger joint in town. Burger connoisseur: Reporting for duty! ,0,8/31/2023 20:15, BurgerQuestHighSchool ,Twitter 
496,Practicing a stand-up comedy routine for the upcoming talent show. Comedy gig: In the making! ,0,9/1/2023 14:45, ComedyGeniusHighSchool ,Instagram 
497,Accidentally sent a love letter to the wrong person. Love note fail: Maximum embarrassment! ,1,9/2/2023 18:30, LoveLetterBlunderHighSchool ,Facebook 
498,Attempting to impress the teacher with an elaborate science experiment. Science geek mode: Activated! ,0,9/3/2023 22:00, ScienceExperimentProHighSchool ,Twitter 
499,Crafting intricate friendship bracelets for the whole squad. Friendship level: Expert weaver! ,0,9/4/2023 15:15, BraceletCraftsmanHighSchool ,Instagram 
500,Attempting to beat the record for the most consecutive cartwheels. Cartwheel challenge: Underway! ,0,9/5/2023 12:30, CartwheelMasterHighSchool ,Twitter 
501,Organizing a movie marathon with friends. Popcorn and cinematic adventures await! ,0,9/6/2023 16:45, MovieMarathonHostHighSchool ,Facebook 
502,Experimenting with a new hair color. A bold change for a bold semester! ,0,9/7/2023 18:20, HairColorExperimentHighSchool ,Instagram 
503,Building a time capsule to capture memories for the future. Time-traveling emotions! ,0,9/8/2023 14:15, TimeCapsuleCreatorHighSchool ,Facebook 
504,Accidentally walked into the wrong classroom on the first day. Classroom mix-up: Awkward start! ,1,9/9/2023 17:30, ClassroomBlunderHighSchool ,Twitter 
505,Trying out a new smoothie recipe for a healthy start to the week. Smoothie enthusiast: Level up! ,0,9/10/2023 20:45, SmoothieConnoisseurHighSchool ,Instagram 
506,Reflecting on the challenges of the school year. Feeling a bit overwhelmed with assignments. ,1,9/11/2023 15:45, OverwhelmedHighSchoolStudent ,Twitter 
507,Encountered some mean-spirited comments online. Dealing with online hate is never easy. ,1,9/12/2023 12:30, DealingWithHateHighSchool ,Instagram 
508,Had a bad day at school. Everything seems to be going wrong. ,1,9/13/2023 16:45, ToughDayHighSchool ,Facebook 
509,Feeling down after not making the sports team. Disappointment lingers. ,1,9/14/2023 18:20, SportsTeamRejectionHighSchool ,Twitter 
510,Witnessed a heated argument in the cafeteria. Unpleasant atmosphere at lunch. ,1,9/15/2023 14:15, CafeteriaConflictHighSchool ,Instagram 
511,Received a not-so-great grade on a major project. Academic frustration setting in. ,1,9/16/2023 17:30, ProjectGradeDisappointmentHighSchool ,Facebook 
512,Dealing with a personal setback. Sometimes life throws unexpected challenges. ,1,9/17/2023 20:45, PersonalSetbackHighSchool ,Twitter 
513,Feeling lonely on a Saturday night. Sometimes solitude hits harder than expected. ,1,9/18/2023 22:00, LonelySaturdayHighSchool ,Instagram 
514,Experiencing cyberbullying. Hateful messages online are disheartening. ,1,9/19/2023 15:15, CyberbullyingVictimHighSchool ,Facebook 
515,Caught in a torrential rainstorm without an umbrella. Today's weather is just bad luck. ,1,9/20/2023 12:30, RainyDayBluesHighSchool ,Twitter 
516,Missing an important event due to unforeseen circumstances. A day filled with sadness. ,1,9/21/2023 16:45, MissedOpportunityHighSchool ,Instagram 
517,Dealing with unfounded rumors circulating about personal life. Rumors can be hurtful. ,1,9/22/2023 18:20, RumorVictimHighSchool ,Facebook 
518,Got a flat tire on the way to an important meeting. Talk about a series of bad events! ,1,9/23/2023 14:15, FlatTireWoesHighSchool ,Twitter 
519,Feeling a sense of emptiness after a close friend moves away. Farewells are always sad. ,1,9/24/2023 17:30, FriendMovingAwayHighSchool ,Instagram 
520,Facing rejection from a dream college. Disheartened but determined to explore other paths. ,1,9/25/2023 20:45, CollegeRejectionHighSchool ,Facebook 
521,Encountering online toxicity during a gaming session. Hateful comments can ruin the fun. ,1,9/26/2023 14:15, GamingToxicityHighSchool ,Twitter 
522,Having a bad hair day and feeling self-conscious. Bad hair days can affect confidence. ,1,9/27/2023 17:30, BadHairDayBluesHighSchool ,Instagram 
523,Feeling a sense of despair after a major project failure. Hard work didn't pay off this time. ,1,9/28/2023 22:00, ProjectFailureDespairHighSchool ,Facebook 
524,Experiencing hate comments for expressing personal opinions. Online negativity prevails. ,1,9/29/2023 15:45, OpinionsHateHighSchool ,Twitter 
525,Having a string of bad luck with constant technology malfunctions. Tech troubles galore! ,1,9/30/2023 18:20, TechMalfunctionWoesHighSchool ,Instagram 
526,Missing out on a long-anticipated event due to unexpected circumstances. A day filled with sadness. ,1,10/1/2023 14:15, MissedEventBluesHighSchool ,Facebook 
527,Trying out a new study technique for upcoming exams. Exploring different learning strategies. ,2,10/2/2023 16:45, StudyTechniqueExperimentHighSchool ,Instagram 
528,Organizing a community cleanup event for a cleaner neighborhood. Promoting environmental awareness. ,2,10/3/2023 12:30, CommunityCleanupHighSchool ,Twitter 
529,Sharing favorite book recommendations with classmates. Building a mini book club. ,2,10/4/2023 18:20, BookRecommendationsHighSchool ,Facebook 
530,Experimenting with a new recipe for a school bake sale. Baking adventures in the kitchen. ,2,10/5/2023 14:15, BakeSaleRecipeExperimentHighSchool ,Instagram 
531,Collaborating on a school project with peers. Teamwork makes the dream work. ,2,10/6/2023 17:30, SchoolProjectCollaborationHighSchool ,Twitter 
532,Attending a school club meeting to explore new interests. Dabbling in extracurricular activities. ,2,10/7/2023 20:45, ExtracurricularExplorationHighSchool ,Instagram 
533,Exploring a new part-time job opportunity for gaining work experience. Career development in progress. ,2,10/8/2023 15:15, PartTimeJobExplorationHighSchool ,Facebook 
534,Attending a school assembly to stay informed about upcoming events and announcements. Staying connected with school activities. ,2,10/9/2023 22:00, SchoolAssemblyParticipationHighSchool ,Twitter 
535,Exploring a new hobby of photography during free time. Capturing moments through a lens. ,2,10/10/2023 14:15, PhotographyHobbyHighSchool ,Instagram 
536,Participating in a science fair to showcase a unique experiment. Sharing knowledge with peers. ,2,10/11/2023 16:45, ScienceFairParticipationHighSchool ,Facebook 
537,Attending a workshop on time management to enhance organizational skills. Striving for efficiency. ,2,10/12/2023 18:20, TimeManagementWorkshopHighSchool ,Twitter 
538,Volunteering at a local charity event to give back to the community. Contributing to social causes. ,2,10/13/2023 12:30, CharityEventVolunteerHighSchool ,Instagram 
539,Collaborating on a group project to promote teamwork and shared responsibilities. Group effort in action. ,2,10/14/2023 17:30, GroupProjectCollaborationHighSchool ,Facebook 
540,Participating in a debate club to enhance critical thinking and communication skills. Intellectual engagement in progress. ,2,10/15/2023 20:45, DebateClubParticipationHighSchool ,Twitter 
541,Celebrating a friend's birthday with a surprise party. Joyful moments and laughter all around! ,0,10/16/2023 15:45, BirthdaySurpriseHighSchool ,Instagram 
542,Successfully completing a challenging coding project. Excitement for overcoming coding hurdles! ,0,10/17/2023 12:30, CodingSuccessHighSchool ,Twitter 
543,Achieving a personal best in a track and field competition. The thrill of victory and self-improvement! ,0,9/14/2016 12:30, TrackFieldSuccessHighSchool ,Twitter 
544,Collaborating on a science project that received recognition at a regional fair. Science triumphs and smiles! ,0,8/18/2017 18:20, ScienceProjectSuccessHighSchool ,Facebook 
545,"Attending a surprise birthday party organized by friends. Surrounded by love, laughter, and good company! ",0,6/22/2018 14:15, BirthdayPartyJoyHighSchool ,Instagram 
546,Successfully fundraising for a school charity initiative. The joy of giving back to the community! ,0,4/5/2019 17:30, CharityFundraisingTriumphHighSchool ,Twitter 
547,"Participating in a multicultural festival, celebrating diversity with music, dance, and delicious food! ",0,2/29/2020 20:45, MulticulturalFestivalJoyHighSchool ,Facebook 
548,"Organizing a virtual talent show during challenging times, bringing smiles to classmates' faces! ",0,11/15/2020 15:15, VirtualTalentShowSuccessHighSchool ,Instagram 
549,Embracing the ordinary  ,2,9/14/2016 12:30,Serenesoul  ,Instagram 
550,Just another day in paradise  ,2,9/15/2016 12:30,TranquilWanderer  ,Twitter 
551,In the calm of the moment  ,2,9/16/2016 12:30,HarmonySeeker  ,Instagram 
552,Quietly content  ,2,9/17/2016 12:30,EquilibriumQuest  ,Facebook 
553,Simplicity at its finest  ,2,9/18/2016 12:30,ContentedHeart  ,Twitter 
554,Walking the middle path  ,2,9/19/2016 12:30,MiddlePathWalker  ,Instagram 
555,A moment of balance  ,2,9/20/2016 12:30,QuietJourneyer  ,Facebook 
556,Peaceful serenity  ,2,9/21/2016 12:30,NeutralNirvana  ,Twitter 
557,Life's subtle joys  ,2,9/22/2016 12:30,BalancedBeing  ,Instagram 
558,"Neutral ground, neutral heart  ",2,9/23/2016 12:30,SerenityVoyage  ,Facebook 
559,Embracing the gray areas  ,2,9/24/2016 12:30,CalmExplorer  ,Twitter 
560,Content in the silence  ,2,9/25/2016 12:30,PeacefulPilgrim  ,Instagram 
561,Balancing act of life  ,2,9/26/2016 12:30,EquipoiseAdventurer  ,Facebook 
562,Just going with the flow  ,2,9/27/2016 12:30,ZenWanderlust  ,Twitter 
563,Neither here nor there  ,2,9/28/2016 12:30,NeutralNomad  ,Instagram 
564,Finding harmony in neutrality  ,2,9/29/2016 12:30,StillnessSearcher  ,Facebook 
565,A moment of equilibrium  ,2,9/30/2016 12:30,SereneTravels  ,Twitter 
566,Steady as she goes  ,2,10/1/2016 12:30,TranquilityTrekker  ,Instagram 
567,Savoring the ordinary  ,2,10/2/2016 12:30,HarmonyHiker  ,Facebook 
568,Comfortably in between  ,2,10/3/2016 12:30,EquilibriumExplorer  ,Twitter 
569,The beauty of neutrality  ,2,10/4/2016 12:30,ContentPathfinder  ,Instagram 
570,Unfazed by the noise  ,2,10/5/2016 12:30,MiddleGroundRover  ,Facebook 
571,Calm amidst the chaos  ,2,10/6/2016 12:30,QuietVagabond  ,Instagram 
572,A peaceful perspective  ,2,10/7/2016 12:30,NeutralWayfarer  ,Twitter 
573,Standing on neutral ground  ,2,10/8/2016 12:30,BalancedJourney  ,Facebook 
574,Basking in the neutrality  ,2,10/9/2016 12:30,SerenityRoamer  ,Instagram 
575,Living in the gray zone  ,2,10/10/2016 12:30,CalmSeeker  ,Twitter 
576,A moment of tranquility  ,2,10/11/2016 12:30,PeacefulExplorer  ,Instagram 
577,A tranquil state of mind  ,2,10/12/2016 12:30,EquipoiseWanderer  ,Facebook 
578,Finding stillness within  ,2,10/13/2016 12:30,ZenPilgrim  ,Twitter 
579,The quiet side of life  ,2,10/14/2016 12:30,NeutralWanderer  ,Instagram 
580,Navigating the middle path  ,2,10/15/2016 12:30,StillnessRambler  ,Facebook 
581,Simply serene  ,2,10/16/2016 12:30,SereneAdventurer  ,Twitter 
582,In the eye of the storm  ,2,10/17/2016 12:30,TranquilityExplorer  ,Instagram 
583,Balanced and composed  ,2,10/18/2016 12:30,HarmonyNomad  ,Facebook 
584,A moment of equipoise  ,2,10/19/2016 12:30,EquilibriumTrekker  ,Twitter 
585,At ease with neutrality  ,2,10/20/2016 12:30,ContentedExplorer  ,Instagram 
586,Embracing the uneventful  ,2,10/21/2016 12:30,MiddlePathAdventurer  ,Twitter 
587,Finding peace in neutrality  ,2,10/12/2023 18:20,QuietWanderlust  ,Twitter 
588,Contentedly neutral  ,2,10/13/2023 18:20,NeutralPilgrim  ,Facebook 
589,Living in the moment  ,2,10/14/2023 18:20,BalancedVoyager  ,Instagram 
590,Savoring the ordinary moments  ,2,10/15/2023 18:20,SerenityJourneyer  ,Twitter 
591,The art of neutrality  ,2,10/16/2023 18:20,CalmPathfinder  ,Facebook 
592,Finding calm waters  ,2,10/17/2023 18:20,PeacefulRover  ,Instagram 
593,In a state of neutrality  ,2,10/18/2023 18:20,EquipoiseWayfarer  ,Instagram 
594,Balancing on the edge  ,2,10/19/2023 18:20,ZenTraveler  ,Twitter 
595,Accepting the middle ground  ,2,10/20/2023 18:20,NeutralNomad  ,Instagram 
596,Equilibrium in action  ,2,10/21/2023 18:20,StillnessSeeker  ,Facebook 
597,A serene perspective  ,2,10/22/2023 18:20,SereneExplorer  ,Twitter 
598,Simply balanced  ,2,10/23/2023 18:20,TranquilityRambler  ,Instagram 
599,The quiet†side†of†life,2,10/24/2023 18:20,HarmonyAdventurer  ,Facebook 
600,Enjoying the moment.,2,10/18/2023 18:20,EquilibriumRoamer  ,Twitter 
601,Embracing the simplicity of life.,2,10/19/2023 18:20,ContentedVagabond  ,Instagram 
602,Today's thoughts.,2,10/20/2023 18:20,MiddleGroundRambler  ,Facebook 
603,Just being me.,2,10/21/2023 18:20,QuietPilgrim  ,Twitter 
604,Finding peace within.,2,10/22/2023 18:20,NeutralRoamer  ,Instagram 
605,A moment of reflection.,2,10/23/2023 18:20,BalancedWayfarer  ,Facebook 
606,Content with the present.,2,10/24/2023 18:20,SerenityTrekker  ,Twitter 
607,Observing without judgment.,2,10/25/2023 18:20,CalmVoyager  ,Instagram 
608,Neutral vibes.,2,10/26/2023 18:20,PeacefulNomad  ,Facebook 
609,In the midst of it all.,2,10/27/2023 18:20,EquipoiseExplorer  ,Twitter 
610,Everyday musings.,2,10/28/2023 18:20,ZenWanderer  ,Instagram 
611,Calm and collected.,2,10/29/2023 18:20,NeutralJourneyer  ,Facebook 
612,Seeing the beauty in simplicity.,2,10/30/2023 18:20,StillnessPathfinder  ,Twitter 
613,Going with the flow.,2,10/31/2023 18:20,SereneRover  ,Instagram 
614,Appreciating the little things.,2,11/1/2023 18:20,TranquilityWayfarer  ,Facebook 
615,Taking it one step at a time.,2,11/2/2023 18:20,HarmonyTraveler  ,Instagram 
616,Balanced perspectives.,2,11/3/2023 18:20,EquilibriumPilgrim  ,Twitter 
617,Living in the moment.,2,11/4/2023 18:20,ContentedNomad  ,Facebook 
618,Finding joy in ordinary days.,2,11/5/2023 18:20,MiddlePathExplorer  ,Instagram 
619,"No expectations, no disappointments.",2,11/6/2023 18:20,QuietTrekker  ,Twitter 
620,Letting life unfold naturally.,2,11/7/2023 18:20,NeutralExplorer  ,Instagram 
621,Just another day.,2,11/8/2023 18:20,BalancedAdventurer  ,Facebook 
622,Comfortable in my own skin.,2,11/9/2023 18:20,SerenityRoamer  ,Twitter 
623,Embracing the journey.,2,11/10/2023 18:20,CalmWayfarer  ,Instagram 
624,Accepting what is.,2,11/11/2023 18:20,PeacefulVoyager  ,Facebook 
625,"Not too high, not too low.",2,11/12/2023 18:20,EquipoiseJourneyer  ,Twitter 
626,Keeping it neutral.,2,11/13/2023 18:20,ZenPilgrim  ,Instagram 
627,Finding my center.,2,11/14/2023 18:20,NeutralWanderer  ,Facebook 
628,All is calm.,2,11/15/2023 18:20,StillnessRambler  ,Twitter 
629,Today's mood: neutral.,2,11/16/2023 18:20,SereneAdventurer  ,Instagram 
630,Staying grounded.,2,11/17/2023 18:20,TranquilityExplorer  ,Twitter 
631,Peaceful moments.,2,11/18/2023 18:20,HarmonyNomad  ,Twitter 
632,Seeing things from all angles.,2,11/19/2023 18:20,EquilibriumTrekker  ,Facebook 
633,Taking a step back.,2,11/20/2023 18:20,ContentedExplorer  ,Instagram 
634,Simple pleasures.,2,11/21/2023 18:20,MiddlePathAdventurer  ,Twitter 
635,Living in harmony.,2,11/22/2023 18:20,QuietWanderlust  ,Facebook 
636,Balanced living.,2,11/23/2023 18:20,NeutralPilgrim  ,Instagram 
637,Today's outlook: neutral.,2,11/24/2023 18:20,BalancedVoyager  ,Instagram 
638,Floating along.,2,11/25/2023 18:20,SerenityJourneyer  ,Twitter 
639,Appreciating the ebb and flow.,2,11/26/2023 18:20,CalmPathfinder  ,Instagram 
640,Going where the wind takes me.,2,11/27/2023 18:20,PeacefulRover  ,Facebook 
641,Walking the middle path.,2,11/28/2023 18:20,EquipoiseWayfarer  ,Twitter 
642,Quiet contentment.,2,11/29/2023 18:20,ZenTraveler  ,Instagram 
643,Taking each day as it comes.,2,11/30/2023 18:20,NeutralNomad  ,Facebook 
644,Navigating through life's ups and downs.,2,12/1/2023 18:20,StillnessSeeker  ,Twitter 
645,Neutral state of mind.,2,12/2/2023 18:20,SereneExplorer  ,Instagram 
646,Finding equilibrium.,2,12/3/2023 18:20,TranquilityRambler  ,Facebook 
647,Embracing the now.,2,12/4/2023 18:20,HarmonyAdventurer  ,Twitter 
648,Seeing both sides of the coin.,2,12/5/2023 18:20,EquilibriumRoamer  ,Instagram 
649,"No highs, no lows.",2,12/6/2023 18:20,ContentedVagabond  ,Facebook 
650,Keeping an open mind.,2,12/7/2023 18:20,MiddleGroundRambler  ,Twitter 
651,Enjoying the present moment.,2,12/8/2023 18:20,QuietPilgrim  ,Instagram 
652,Keeping it level-headed.,2,12/9/2023 18:20,NeutralRoamer  ,Facebook 
653,Going about my day.,2,12/10/2023 18:20,BalancedWayfarer  ,Twitter 
654,Seeing the world through neutral lenses.,2,12/11/2023 18:20,SerenityTrekker  ,Instagram 
655,Being present.,2,12/12/2023 18:20,CalmVoyager  ,Facebook 
656,Finding solace in neutrality.,2,10/13/2023 18:20,PeacefulNomad  ,Twitter 
657,Taking life as it comes.,2,10/14/2023 18:20,EquipoiseExplorer  ,Instagram 
658,"Enjoying the journey, not just the destination.",2,10/15/2023 18:20,ZenWanderer  ,Facebook 
659,All is well.,2,10/16/2023 18:20,NeutralJourneyer  ,Instagram 
660,Finding balance in chaos.,2,10/17/2023 18:20,StillnessPathfinder  ,Twitter 
661,Today's perspective: neutral.,2,10/18/2023 18:20,SereneRover  ,Facebook 
662,Riding the waves of life.,2,10/19/2023 18:20,TranquilityWayfarer  ,Instagram 
663,Taking a neutral stance.,2,10/20/2023 18:20,HarmonyTraveler  ,Twitter 
664,"Breathing in, breathing out.",2,10/21/2023 18:20,EquilibriumPilgrim  ,Instagram 
665,Just taking things one step at a time.,2,10/22/2023 18:20,ContentedNomad  ,Facebook 
666,Not getting caught up in extremes.,2,10/23/2023 18:20,MiddlePathExplorer  ,Twitter 
667,Enjoying the calm.,2,10/24/2023 18:20,QuietTrekker  ,Instagram 
668,Keeping a level playing field.,2,10/25/2023 18:20,NeutralExplorer  ,Facebook 
669,Seeing the silver lining.,2,10/26/2023 18:20,BalancedAdventurer,Twitter 
670,Not sweating the small stuff.,2,10/27/2023 18:20,SerenityRambler,Instagram 
671,Embracing the unknown.,2,10/28/2023 18:20,CalmExplorer,Facebook 
672,Living with equanimity.,2,10/29/2023 18:20,TranquilNomad,Twitter 
673,Walking the tightrope of neutrality.,2,10/30/2023 18:20,PeacefulPathfinder,Instagram 
674,Finding harmony within.,2,10/31/2023 18:20,BalancedRoamer,Twitter 
675,Taking life in stride.,2,11/1/2023 18:20,HarmonyVoyager,Twitter 
676,"Living in the moment, neither here nor there.",2,11/2/2023 18:20,EquilibriumSeeker,Facebook 
677,Keeping my balance.,2,11/3/2023 18:20,NeutralPilgrim,Instagram 
678,Lost in the shadows of despair.  ,1,4/18/2023 17:10,ShadowSoul  ,Instagram 
679,Drowning in a sea of sorrow.  ,1,4/19/2023 17:10,SorrowStricken  ,Facebook 
680,Shattered dreams and broken hearts.  ,1,4/20/2023 17:10,BrokenDreamer  ,Twitter 
681,Trapped in the abyss of loneliness.  ,1,4/21/2023 17:10,AbyssalLoneliness  ,Instagram 
682,Tormented by endless regrets.  ,1,4/22/2023 17:10,RegretRidden  ,Facebook 
683,Suffocating under the weight of despair.  ,1,4/23/2023 17:10,DespairWeight  ,Twitter 
684,Sinking deeper into the darkness.  ,1,4/24/2023 17:10,DeeperDarkness  ,Instagram 
685,Torn apart by relentless agony.  ,1,4/25/2023 17:10,RelentlessAgony  ,Facebook 
686,Haunted by past mistakes.  ,1,4/26/2023 17:10,MistakeHaunted  ,Twitter 
687,Consumed by bitterness and resentment.  ,1,4/27/2023 17:10,BitterResentment  ,Instagram 
688,Forsaken by hope and abandoned by love.  ,1,4/28/2023 17:10,ForsakenHope  ,Facebook 
689,Wandering aimlessly in the darkness.  ,1,4/29/2023 17:10,AimlessWanderer  ,Instagram 
690,Struggling to find light in the darkness.  ,1,4/30/2023 17:10,LightlessStruggle  ,Twitter 
691,Tangled in the web of despair.  ,1,5/1/2023 17:10,WebOfDespair  ,Facebook 
692,Gripped by the claws of hopelessness.  ,1,5/2/2023 17:10,HopelessGrip  ,Instagram 
693,Numb to the pain of existence.  ,1,5/3/2023 17:10,NumbExistence  ,Twitter 
694,Shrouded in the veil of sorrow.  ,1,5/4/2023 17:10,VeiledSorrow  ,Instagram 
695,Cursed by the echoes of regret.  ,1,5/5/2023 17:10,EchoRegret  ,Facebook 
696,Suffering in silence.  ,1,5/6/2023 17:10,SilentSufferer  ,Twitter 
697,Forsaken by faith and betrayed by fate.  ,1,5/7/2023 17:10,BetrayedFate  ,Instagram 
698,Withering away in the depths of despair.  ,1,5/8/2023 17:10,WitheredSoul  ,Facebook 
699,Shattered illusions and shattered dreams.  ,1,5/9/2023 17:10,IllusionShatterer  ,Twitter 
700,Blinded by the darkness within.  ,1,5/10/2023 17:10,InnerDarkness  ,Instagram 
701,Lost in the labyrinth of despair.  ,1,5/11/2023 17:10,LabyrinthLost  ,Facebook 
702,Stranded in the wasteland of sorrow.  ,1,5/12/2023 17:10,WastelandSorrows  ,Twitter 
703,Forsaken by the light of hope.  ,1,2/5/2023 19:30,ForsakenLight  ,Instagram 
704,Drowning in a river of tears.  ,1,2/6/2023 19:30,TearRiver  ,Twitter 
705,Shackled by the chains of despair.  ,1,2/7/2023 19:30,ChainsOfDespair  ,Twitter 
706,Cursed by the cruel hand of fate.  ,1,2/8/2023 19:30,CruelFateCurse  ,Facebook 
707,Shattered by the storms of life.  ,1,2/9/2023 19:30,LifeStorms  ,Instagram 
708,Wounded by the arrows of betrayal.  ,1,2/10/2023 19:30,BetrayalWounded  ,Twitter 
709,Drifting in a sea of emptiness.  ,1,2/11/2023 19:30,EmptinessDrifter  ,Facebook 
710,Trapped in the prison of regret.  ,1,2/12/2023 19:30,RegretPrisoner  ,Instagram 
711,Abandoned by the warmth of love.  ,1,2/13/2023 19:30,LoveAbandoned  ,Instagram 
712,Torn apart by the winds of change.  ,1,2/14/2023 19:30,ChangeTorn  ,Twitter 
713,Forsaken by the promise of tomorrow.  ,1,2/15/2023 19:30,TomorrowForsaken  ,Instagram 
714,Shattered by the weight of expectation.  ,1,2/16/2023 19:30,ExpectationWeight  ,Facebook 
715,Struggling to find purpose in the pain.  ,1,2/17/2023 19:30,PurposelessStruggle  ,Twitter 
716,Lost in the maze of misery.  ,1,2/18/2023 19:30,MiseryMaze  ,Instagram 
717,Haunted by the ghosts of the past.  ,1,2/19/2023 19:30,MiseryMaze  ,Facebook 
718,Suffocated by the silence of solitude.  ,1,2/20/2023 19:30,GhostHaunted  ,Twitter 
719,Forsaken by fortune and abandoned by fate.  ,1,2/21/2023 19:30,SolitudeSuffocation  ,Instagram 
720,Shattered dreams and shattered illusions.  ,1,2/22/2023 19:30,FortuneForsaker  ,Facebook 
721,Withering away in the garden of despair.  ,1,2/23/2023 19:30,IllusionDreamShatterer  ,Twitter 
722,Torn asunder by the tempest of turmoil.  ,1,2/24/2023 19:30,TempestTurmoil  ,Instagram 
723,Consumed by the flames of despair.  ,1,2/25/2023 19:30,FlameConsumed  ,Facebook 
724,Lost in the depths of despair.  ,1,2/26/2023 19:30,DepthsLost  ,Twitter 
725,Trapped in the cycle of self-destruction.  ,1,2/27/2023 19:30,SelfDestructionCycle  ,Instagram 
726,Shattered hopes and shattered dreams.  ,1,2/28/2023 19:30,ShatteredHopes  ,Facebook 
727,Forsaken by faith and abandoned by hope.  ,1,3/1/2023 19:30,FaithAbandoned  ,Twitter 
728,Suffocating in the grip of despair.  ,1,3/2/2023 19:30,DespairGrip  ,Instagram 
729,Cursed by the curse of despair.  ,1,3/3/2023 19:30,CursedDespair  ,Facebook 
730,Drifting in the sea of sorrow.  ,1,3/4/2023 19:30,SeaSorrow  ,Twitter 
731,Torn apart by the ravages of time.  ,1,3/5/2023 19:30,RavagesTime  ,Instagram 
732,Blinded by the darkness of despair.  ,1,3/6/2023 19:30,DespairBlind  ,Facebook 
733,Shackled by the chains of regret.  ,1,3/7/2023 19:30,RegretShackles  ,Instagram 
734,Forsaken by love and abandoned by fate.  ,1,3/8/2023 19:30,LoveForsaken  ,Twitter 
735,Shattered by the storms of sorrow.  ,1,3/9/2023 19:30,SorrowStorms  ,Facebook 
736,Trapped in the darkness of despair.  ,1,3/10/2023 19:30,DarknessTrapped  ,Instagram 
737,Lost in the wilderness of the soul.  ,1,3/11/2023 19:30,WildernessLost  ,Twitter 
738,Suffocating in the silence of solitude.  ,1,3/12/2023 19:30,SoulSilence  ,Instagram 
739,Shattered dreams and shattered hopes.  ,1,3/13/2023 19:30,DesertDespair  ,Facebook 
740,Withering away in the desert of despair.  ,1,3/14/2023 19:30,FateTides  ,Twitter 
741,Torn apart by the tides of fate.  ,1,3/15/2023 19:30,FateAbandoned  ,Instagram 
742,Forsaken by fortune and abandoned by fate.  ,1,3/16/2023 19:30,VoidDrifter  ,Facebook 
743,Drifting in the void of emptiness.  ,1,3/17/2023 19:30,EchoesRegret  ,Twitter 
744,Shattered by the echoes of regret.  ,1,3/18/2023 19:30,DespairCycle  ,Instagram 
745,Trapped in the cycle of despair.  ,1,3/19/2023 19:30,SoulDarkness  ,Facebook 
746,Blinded by the darkness of the soul.  ,1,3/20/2023 19:30,SorrowSuffocation  ,Twitter 
747,Suffocated by the weight†of†sorrow.,1,3/21/2023 19:30,WeightSuffocation††,Instagram 
